year,acquisitions,imaging_hours,tile_positions,tile_logging_coverage,fail_laser,fail_unknown,fail_all,user_abort,user_natural,user_all,restarts_all,pct_restarted,pct_failed,pct_user,fail_per_100_acq,fail_per_1000_hours,fail_per_million_tiles,acqs_per_failure,hours_per_failure,tiles_per_failure
2016,11,271.4,0,0.0,0,1,1,0,0,0,1,9.09,9.09,0.0,9.09,3.68,,11.0,271.4,
2017,40,337.4,861062,0.925,0,5,5,1,6,7,12,30.0,12.5,17.5,12.5,14.82,5.81,8.0,67.5,172212.0
2018,75,694.8,1783876,1.0,3,2,5,3,5,8,13,17.33,6.67,10.67,6.67,7.2,2.8,15.0,139.0,356775.0
2019,246,3479.9,9113435,1.0,12,8,20,8,0,8,28,11.38,8.13,3.25,8.13,5.75,2.19,12.3,174.0,455672.0
2020,298,4336.3,11493331,0.973,1,5,6,4,2,6,12,4.03,2.01,2.01,2.01,1.38,0.52,49.7,722.7,1915555.0
2021,494,5801.7,18827093,1.0,9,12,21,10,7,17,38,7.69,4.25,3.44,4.25,3.62,1.12,23.5,276.3,896528.0
2022,406,5102.5,15531335,1.0,5,6,11,1,1,2,13,3.2,2.71,0.49,2.71,2.16,0.71,36.9,463.9,1411940.0
2023,503,7347.5,17973176,1.0,0,10,10,6,2,8,18,3.58,1.99,1.59,1.99,1.36,0.56,50.3,734.8,1797318.0
2024,498,7088.7,17500111,1.0,3,13,16,13,5,18,34,6.83,3.21,3.61,3.21,2.26,0.91,31.1,443.0,1093757.0
2025,447,6135.6,16789214,1.0,6,14,20,5,5,10,30,6.71,4.47,2.24,4.47,3.26,1.19,22.4,306.8,839461.0
2026,227,3072.8,9501467,1.0,0,9,9,2,1,3,12,5.29,3.96,1.32,3.96,2.93,0.95,25.2,341.4,1055719.0
