acq_key,start,system,res,n_brains,average_n_frames,n_optical_planes,depth_mm,imaging_hours,h_at_target,reached_target
brainsaw|2020/01/08 11:32:44,2020/01/08 11:32:44,brainsaw,2x2x5,2,1.0,8.0,9.6,17.767,23.1337,0
brainsaw|2020/01/09 11:07:22,2020/01/09 11:07:22,brainsaw,2x2x5,2,1.0,8.0,9.88,23.602,29.8604,0
neurovision|2020/01/09 12:17:36,2020/01/09 12:17:36,neurovision,4x4x20,3,1.0,2.0,14.0,37.416,33.407,1
brainsaw|2020/01/10 11:16:20,2020/01/10 11:16:20,brainsaw,4x4x20,4,4.0,2.0,10.84,28.005,32.2939,0
brainsaw|2020/01/11 18:59:50,2020/01/11 18:59:50,brainsaw,2x2x5,2,1.0,10.0,10.0,14.664,18.3302,0
brainsaw|2020/01/12 11:47:59,2020/01/12 11:47:59,brainsaw,2x2x5,3,1.0,10.0,11.55,22.213,24.0401,0
brainsaw|2020/01/15 12:16:19,2020/01/15 12:16:19,brainsaw,4x4x20,2,1.0,2.0,9.84,12.168,15.457,0
brainsaw|2020/01/17 13:46:27,2020/01/17 13:46:27,brainsaw,2x2x5,2,1.0,10.0,12.0,17.464,18.1913,0
brainsaw|2020/01/19 12:30:12,2020/01/19 12:30:12,brainsaw,2x2x5,2,1.0,10.0,10.5,19.14,22.786,0
brainsaw|2020/01/20 11:40:02,2020/01/20 11:40:02,brainsaw,2x2x5,2,1.0,8.0,12.0,24.058,25.0599,0
neurovision|2020/01/22 12:32:36,2020/01/22 12:32:36,neurovision,4x4x20,4,1.0,2.0,12.0,31.662,32.9815,0
brainsaw|2020/01/23 11:41:14,2020/01/23 11:41:14,brainsaw,4x4x20,2,1.0,2.0,11.36,14.713,16.1898,0
neurovision|2020/01/24 11:16:49,2020/01/24 11:16:49,neurovision,4x4x20,4,1.0,2.0,10.8,22.19,25.6825,0
brainsaw|2020/01/25 14:48:51,2020/01/25 14:48:51,brainsaw,2x2x5,2,1.0,10.0,10.5,15.62,18.5949,0
brainsaw|2020/02/02 13:44:33,2020/02/02 13:44:33,brainsaw,2x2x5,2,1.0,10.0,10.5,17.801,21.1918,0
brainsaw|2020/02/05 13:54:37,2020/02/05 13:54:37,brainsaw,2x2x5,2,1.0,10.0,10.4,16.167,19.4311,0
brainsaw|2020/02/06 11:11:51,2020/02/06 11:11:51,brainsaw,2x2x5,2,1.0,8.0,12.0,21.538,22.4352,0
brainsaw|2020/02/07 13:54:52,2020/02/07 13:54:52,brainsaw,2x2x5,2,1.0,10.0,10.4,17.803,21.3982,0
brainsaw|2020/02/10 10:34:46,2020/02/10 10:34:46,brainsaw,4x4x20,2,1.0,2.0,10.92,14.692,16.818,0
neurovision|2020/02/10 11:37:08,2020/02/10 11:37:08,neurovision,4x4x20,4,1.0,2.0,12.0,31.793,33.1175,0
neurovision|2020/02/11 20:12:10,2020/02/11 20:12:10,neurovision,4x4x20,4,1.0,2.0,13.0,34.455,33.1295,1
neurovision|2020/02/26 09:17:38,2020/02/26 09:17:38,neurovision,4x4x20,4,1.0,2.0,16.8,12.102,9.0046,1
brainsaw|2020/02/26 14:35:28,2020/02/26 14:35:28,brainsaw,2x2x5,4,1.0,10.0,12.0,42.824,44.6085,0
brainsaw|2020/03/04 10:28:54,2020/03/04 10:28:54,brainsaw,4x4x20,3,4.0,2.0,9.6,18.3,23.8278,0
neurovision|2020/03/06 12:03:55,2020/03/06 12:03:55,neurovision,4x4x20,1,1.0,2.0,10.4,8.196,9.8511,0
brainsaw|2020/03/10 12:20:04,2020/03/10 12:20:04,brainsaw,2x2x5,3,1.0,8.0,10.4,23.068,27.726,0
brainsaw|2020/03/11 13:23:12,2020/03/11 13:23:12,brainsaw,2x2x5,2,1.0,8.0,10.4,14.721,17.693,0
brainsaw|2020/03/12 12:21:53,2020/03/12 12:21:53,brainsaw,2x2x5,2,1.0,10.0,11.0,16.814,19.1073,0
brainsaw|2020/03/15 18:53:22,2020/03/15 18:53:22,brainsaw,2x2x5,4,1.0,10.0,10.25,23.7,28.9021,0
brainsaw|2020/03/17 11:48:57,2020/03/17 11:48:57,brainsaw,2x2x5,3,1.0,10.0,11.5,24.738,26.8886,0
brainsaw|2020/03/20 10:31:25,2020/03/20 10:31:25,brainsaw,2x2x5,2,1.0,8.0,12.0,17.932,18.6794,0
brainsaw|2020/06/03 09:48:06,2020/06/03 09:48:06,brainsaw,4x4x20,1,1.0,2.0,10.8,6.441,7.4547,0
neurovision|2020/06/03 12:10:20,2020/06/03 12:10:20,neurovision,4x4x20,1,1.0,2.0,10.0,8.667,10.834,0
brainsaw|2020/08/27 12:15:18,2020/08/27 12:15:18,brainsaw,2x2x5,1,1.0,10.0,9.5,5.862,7.7127,0
brainsaw|2020/08/28 08:28:33,2020/08/28 08:28:33,brainsaw,2x2x5,1,2.0,10.0,12.0,8.479,8.8325,0
neurovision|2020/09/11 11:15:51,2020/09/11 11:15:51,neurovision,4x4x20,1,1.0,2.0,10.0,8.613,10.7667,0
neurovision|2020/09/21 10:45:10,2020/09/21 10:45:10,neurovision,4x4x20,2,1.0,2.0,11.0,12.691,14.4217,0
brainsaw|2020/09/22 15:49:09,2020/09/22 15:49:09,brainsaw,4x4x20,3,2.0,2.0,11.0,12.909,14.6689,0
brainsaw|2020/09/23 19:04:23,2020/09/23 19:04:23,brainsaw,2x2x5,2,1.0,10.0,10.5,13.074,15.5642,0
brainsaw|2020/09/28 10:45:33,2020/09/28 10:45:33,brainsaw,2x2x5,2,1.0,8.0,10.8,15.474,17.9096,0
brainsaw|2020/09/30 13:39:00,2020/09/30 13:39:00,brainsaw,2x2x5,2,1.0,10.0,10.0,8.066,10.0823,0
brainsaw|2020/10/04 12:37:24,2020/10/04 12:37:24,brainsaw,2x2x5,2,1.0,10.0,10.0,8.709,10.8858,0
brainsaw|2020/10/05 09:28:08,2020/10/05 09:28:08,brainsaw,2x2x5,1,3.0,8.0,11.2,11.699,13.0574,0
neurovision|2020/10/05 11:05:19,2020/10/05 11:05:19,neurovision,4x4x20,3,1.0,2.0,10.56,10.699,12.6641,0
neurovision|2020/10/06 11:52:18,2020/10/06 11:52:18,neurovision,4x4x20,1,1.0,2.0,12.0,9.112,9.4913,0
neurovision|2020/10/09 12:16:17,2020/10/09 12:16:17,neurovision,4x4x20,2,1.0,2.0,11.0,11.137,12.6553,0
brainsaw|2020/10/12 11:26:15,2020/10/12 11:26:15,brainsaw,4x4x20,2,1.0,2.0,12.0,9.356,9.7459,0
brainsaw|2020/10/13 11:25:43,2020/10/13 11:25:43,brainsaw,4x4x20,5,1.0,2.0,12.0,21.08,21.9583,0
brainsaw|2020/11/05 09:49:21,2020/11/05 09:49:21,brainsaw,2x2x5,2,1.0,8.0,9.6,14.76,19.2188,0
neurovision|2020/11/10 10:22:46,2020/11/10 10:22:46,neurovision,4x4x20,1,1.0,2.0,10.96,8.317,9.4853,0
neurovision|2020/11/11 10:54:03,2020/11/11 10:54:03,neurovision,4x4x20,1,1.0,2.0,10.48,8.106,9.6682,0
brainsaw|2020/11/12 08:48:43,2020/11/12 08:48:43,brainsaw,2x2x5,2,1.0,10.0,12.5,11.971,11.9708,1
brainsaw|2020/11/13 07:55:38,2020/11/13 07:55:38,brainsaw,2x2x5,2,1.0,10.0,12.75,11.332,11.1095,1
brainsaw|2020/11/16 08:31:23,2020/11/16 08:31:23,brainsaw,2x2x5,3,1.0,10.0,12.75,17.635,17.2892,1
brainsaw|2020/11/28 11:14:12,2020/11/28 11:14:12,brainsaw,4x4x20,2,1.0,2.0,11.0,9.387,10.667,0
brainsaw|2020/11/30 11:06:22,2020/11/30 11:06:22,brainsaw,2x2x5,2,1.0,8.0,10.0,16.29,20.3621,0
brainsaw|2020/12/01 11:13:14,2020/12/01 11:13:14,brainsaw,4x4x20,2,1.0,2.0,12.8,12.299,12.0112,1
brainsaw|2020/12/02 10:47:21,2020/12/02 10:47:21,brainsaw,4x4x20,1,1.0,2.0,12.4,7.672,7.7341,0
brainsaw|2020/12/03 12:07:27,2020/12/03 12:07:27,brainsaw,2x2x5,2,1.0,8.0,10.0,15.228,19.0347,0
brainsaw|2020/12/04 16:59:34,2020/12/04 16:59:34,brainsaw,4x4x20,2,1.0,2.0,12.0,11.987,12.4867,0
brainsaw|2020/12/06 13:35:23,2020/12/06 13:35:23,brainsaw,2x2x5,2,1.0,10.0,11.25,10.836,12.0404,0
brainsaw|2020/12/08 10:27:27,2020/12/08 10:27:27,brainsaw,2x2x5,2,1.0,8.0,11.44,13.637,14.9005,0
brainsaw|2020/12/09 10:17:28,2020/12/09 10:17:28,brainsaw,2x2x5,2,1.0,8.0,11.88,14.139,14.8771,0
brainsaw|2020/12/10 08:39:45,2020/12/10 08:39:45,brainsaw,2x2x5,1,1.0,8.0,10.0,8.078,10.0976,0
brainsaw|2020/12/11 10:18:47,2020/12/11 10:18:47,brainsaw,4x4x20,1,1.0,2.0,11.56,7.248,7.8377,0
brainsaw|2020/12/17 17:17:23,2020/12/17 17:17:23,brainsaw,2x2x5,2,1.0,8.0,10.0,14.174,17.7177,0
brainsaw|2021/01/15 11:32:13,2021/01/15 11:32:13,brainsaw,4x4x20,1,1.0,2.0,11.68,8.113,8.6829,0
brainsaw|2021/01/21 11:09:00,2021/01/21 11:09:00,brainsaw,2x2x5,1,1.0,10.0,12.0,6.964,7.2543,0
brainsaw|2021/01/25 13:00:52,2021/01/25 13:00:52,brainsaw,2x2x5,1,1.0,8.0,10.0,8.2,10.2503,0
brainsaw|2021/01/26 12:00:46,2021/01/26 12:00:46,brainsaw,2x2x5,1,1.0,8.0,11.48,9.065,9.8701,0
brainsaw|2021/01/29 12:02:06,2021/01/29 12:02:06,brainsaw,2x2x5,1,1.0,8.0,10.0,7.758,9.6972,0
brainsaw|2021/02/06 12:27:17,2021/02/06 12:27:17,brainsaw,2x2x5,2,1.0,10.0,10.2,9.991,12.2433,0
neurovision|2021/02/10 11:53:10,2021/02/10 11:53:10,neurovision,4x4x20,1,1.0,2.0,12.56,9.711,9.6644,1
neurovision|2021/02/17 12:07:09,2021/02/17 12:07:09,neurovision,4x4x20,1,1.0,2.0,11.88,9.624,10.1267,0
neurovision|2021/02/18 11:17:10,2021/02/18 11:17:10,neurovision,4x4x20,1,1.0,2.0,12.56,9.89,9.8425,1
brainsaw|2021/02/22 14:56:43,2021/02/22 14:56:43,brainsaw,2x2x5,2,1.0,10.0,11.5,10.714,11.6452,0
neurovision|2021/02/23 10:40:12,2021/02/23 10:40:12,neurovision,4x4x20,1,1.0,2.0,12.56,9.788,9.7413,1
brainsaw|2021/02/23 14:09:28,2021/02/23 14:09:28,brainsaw,2x2x5,3,1.0,10.0,12.5,16.49,16.4903,1
neurovision|2021/02/24 11:04:08,2021/02/24 11:04:08,neurovision,4x4x20,1,1.0,2.0,11.72,8.896,9.4876,0
neurovision|2021/02/25 10:42:06,2021/02/25 10:42:06,neurovision,4x4x20,1,1.0,2.0,10.84,9.037,10.4205,0
brainsaw|2021/02/28 13:00:43,2021/02/28 13:00:43,brainsaw,2x2x5,2,1.0,10.0,12.1,11.877,12.2693,0
neurovision|2021/03/01 10:46:50,2021/03/01 10:46:50,neurovision,4x4x20,1,1.0,2.0,10.28,8.39,10.2018,0
brainsaw|2021/03/01 14:47:15,2021/03/01 14:47:15,brainsaw,2x2x5,2,1.0,10.0,11.5,11.671,12.686,0
brainsaw|2021/03/02 13:01:58,2021/03/02 13:01:58,brainsaw,2x2x5,1,1.0,8.0,10.0,8.345,10.4309,0
brainsaw|2021/03/03 11:00:14,2021/03/03 11:00:14,brainsaw,2x2x5,1,1.0,10.0,11.5,7.087,7.7029,0
brainsaw|2021/03/03 19:22:50,2021/03/03 19:22:50,brainsaw,2x2x5,4,1.0,10.0,12.0,20.867,21.737,0
brainsaw|2021/03/07 14:45:44,2021/03/07 14:45:44,brainsaw,2x2x5,1,1.0,10.0,10.5,6.496,7.7328,0
brainsaw|2021/03/08 09:08:02,2021/03/08 09:08:02,brainsaw,2x2x5,2,1.0,8.0,11.6,12.809,13.8027,0
brainsaw|2021/03/09 15:48:43,2021/03/09 15:48:43,brainsaw,2x2x5,2,1.0,8.0,12.76,14.093,13.8062,1
brainsaw|2021/03/10 16:47:16,2021/03/10 16:47:16,brainsaw,2x2x5,1,1.0,8.0,12.0,9.644,10.0454,0
brainsaw|2021/03/11 16:58:34,2021/03/11 16:58:34,brainsaw,2x2x5,1,1.0,8.0,12.0,9.281,9.6675,0
neurovision|2021/03/12 10:31:23,2021/03/12 10:31:23,neurovision,4x4x20,1,1.0,2.0,12.0,5.866,6.1102,0
brainsaw|2021/03/16 17:32:07,2021/03/16 17:32:07,brainsaw,4x4x20,1,1.0,2.0,10.2,4.821,5.9082,0
brainsaw|2021/03/18 17:46:30,2021/03/18 17:46:30,brainsaw,2x2x5,1,2.0,10.0,10.5,16.943,20.17,0
neurovision|2021/03/19 14:06:18,2021/03/19 14:06:18,neurovision,2x2x5,2,1.0,8.0,12.0,14.125,14.7133,0
brainsaw|2021/03/21 14:10:44,2021/03/21 14:10:44,brainsaw,2x2x5,2,1.0,8.0,12.0,17.949,18.6968,0
brainsaw|2021/03/22 12:08:37,2021/03/22 12:08:37,brainsaw,2x2x5,2,1.0,8.0,10.0,14.408,18.0097,0
brainsaw|2021/03/24 12:02:04,2021/03/24 12:02:04,brainsaw,2x2x5,2,1.0,10.0,12.5,14.231,14.2308,1
neurovision|2021/03/26 10:47:30,2021/03/26 10:47:30,neurovision,2x2x5,1,4.0,8.0,11.56,18.806,20.3356,0
brainsaw|2021/03/27 16:47:46,2021/03/27 16:47:46,brainsaw,2x2x5,1,1.0,10.0,10.5,5.937,7.0678,0
brainsaw|2021/03/28 18:27:29,2021/03/28 18:27:29,brainsaw,2x2x5,1,3.0,10.0,10.55,12.721,15.0724,0
brainsaw|2021/03/31 10:50:02,2021/03/31 10:50:02,brainsaw,4x4x20,2,1.0,2.0,11.0,10.684,12.1408,0
neurovision|2021/04/01 12:02:38,2021/04/01 12:02:38,neurovision,2x2x5,1,1.0,8.0,10.0,9.454,11.818,0
neurovision|2021/04/02 11:24:42,2021/04/02 11:24:42,neurovision,4x4x20,4,4.0,2.0,11.0,13.673,15.5376,0
brainsaw|2021/04/02 11:35:19,2021/04/02 11:35:19,brainsaw,4x4x20,4,2.0,2.0,11.0,18.451,20.9675,0
brainsaw|2021/04/03 12:03:35,2021/04/03 12:03:35,brainsaw,2x2x5,1,4.0,10.0,11.75,18.975,20.1862,0
brainsaw|2021/04/04 16:23:46,2021/04/04 16:23:46,brainsaw,2x2x5,1,1.0,10.0,10.5,6.457,7.6875,0
brainsaw|2021/04/06 11:46:54,2021/04/06 11:46:54,brainsaw,2x2x5,4,1.0,10.0,10.2,21.009,25.7462,0
brainsaw|2021/04/08 15:58:33,2021/04/08 15:58:33,brainsaw,2x2x5,3,1.0,10.0,10.65,16.518,19.3877,0
brainsaw|2021/04/09 10:03:48,2021/04/09 10:03:48,brainsaw,4x4x20,1,1.0,2.0,10.32,6.013,7.2833,0
brainsaw|2021/04/10 17:02:22,2021/04/10 17:02:22,brainsaw,2x2x5,1,1.0,10.0,10.0,5.943,7.4288,0
brainsaw|2021/04/15 12:55:29,2021/04/15 12:55:29,brainsaw,2x2x5,2,1.0,8.0,10.0,15.777,19.7215,0
neurovision|2021/04/19 12:31:02,2021/04/19 12:31:02,neurovision,4x4x20,1,2.0,2.0,10.0,5.851,7.3139,0
neurovision|2021/04/21 10:58:28,2021/04/21 10:58:28,neurovision,2x2x5,1,1.0,8.0,9.84,7.648,9.7155,0
brainsaw|2021/04/21 11:54:33,2021/04/21 11:54:33,brainsaw,4x4x20,2,1.0,2.0,10.4,11.615,13.9603,0
neurovision|2021/04/26 11:06:31,2021/04/26 11:06:31,neurovision,4x4x20,2,1.0,2.0,10.8,7.944,9.1946,0
brainsaw|2021/04/26 13:34:30,2021/04/26 13:34:30,brainsaw,2x2x5,2,1.0,8.0,10.0,15.439,19.2983,0
brainsaw|2021/04/27 11:16:57,2021/04/27 11:16:57,brainsaw,2x2x5,1,4.0,8.0,10.8,17.261,19.9781,0
neurovision|2021/04/30 11:26:02,2021/04/30 11:26:02,neurovision,2x2x5,2,1.0,8.0,11.0,14.355,16.3125,0
brainsaw|2021/05/07 12:47:01,2021/05/07 12:47:01,brainsaw,2x2x5,2,1.0,8.0,12.12,14.903,15.37,0
neurovision|2021/05/10 11:15:29,2021/05/10 11:15:29,neurovision,2x2x5,2,1.0,8.0,13.56,14.217,13.1061,1
neurovision|2021/05/11 12:37:26,2021/05/11 12:37:26,neurovision,2x2x5,2,1.0,8.0,14.0,14.266,12.7376,1
brainsaw|2021/05/19 10:44:54,2021/05/19 10:44:54,brainsaw,2x2x5,2,2.0,8.0,13.0,15.324,14.7348,1
brainsaw|2021/05/24 11:09:02,2021/05/24 11:09:02,brainsaw,2x2x5,4,1.0,10.0,13.5,15.264,14.1337,1
brainsaw|2021/05/26 17:42:20,2021/05/26 17:42:20,brainsaw,2x2x5,3,1.0,10.0,13.5,14.119,13.073,1
neurovision|2021/06/04 11:26:35,2021/06/04 11:26:35,neurovision,4x4x20,1,4.0,2.0,10.28,7.241,8.8045,0
brainsaw|2021/06/04 23:58:39,2021/06/04 23:58:39,brainsaw,4x4x20,1,1.0,2.0,10.72,6.375,7.4332,0
neurovision|2021/06/07 11:43:59,2021/06/07 11:43:59,neurovision,4x4x20,1,4.0,2.0,13.28,8.295,7.8078,1
brainsaw|2021/06/07 15:04:17,2021/06/07 15:04:17,brainsaw,4x4x20,1,4.0,2.0,12.64,7.685,7.6002,1
neurovision|2021/06/08 11:21:40,2021/06/08 11:21:40,neurovision,4x4x20,1,1.0,2.0,12.12,6.947,7.165,0
brainsaw|2021/06/08 12:49:41,2021/06/08 12:49:41,brainsaw,2x2x5,1,1.0,8.0,11.2,8.363,9.3335,0
brainsaw|2021/06/09 11:09:48,2021/06/09 11:09:48,brainsaw,4x4x20,2,4.0,2.0,13.32,12.462,11.695,1
brainsaw|2021/06/10 11:22:40,2021/06/10 11:22:40,brainsaw,4x4x20,1,2.0,2.0,11.88,8.083,8.5052,0
neurovision|2021/06/11 11:06:17,2021/06/11 11:06:17,neurovision,4x4x20,4,1.0,2.0,9.72,9.526,12.251,0
brainsaw|2021/06/11 22:26:13,2021/06/11 22:26:13,brainsaw,4x4x20,1,1.0,2.0,11.0,6.405,7.2787,0
neurovision|2021/06/14 11:09:29,2021/06/14 11:09:29,neurovision,4x4x20,2,1.0,2.0,11.32,7.209,7.9603,0
brainsaw|2021/06/14 11:27:32,2021/06/14 11:27:32,brainsaw,4x4x20,2,2.0,2.0,13.92,12.199,10.9547,1
neurovision|2021/06/15 11:25:48,2021/06/15 11:25:48,neurovision,4x4x20,2,2.0,2.0,11.32,10.523,11.6197,0
brainsaw|2021/06/15 12:37:08,2021/06/15 12:37:08,brainsaw,4x4x20,4,2.0,2.0,12.56,15.336,15.2631,1
neurovision|2021/06/16 11:15:27,2021/06/16 11:15:27,neurovision,4x4x20,4,2.0,2.0,11.04,11.9,13.4737,0
neurovision|2021/06/21 11:19:49,2021/06/21 11:19:49,neurovision,4x4x20,1,2.0,2.0,10.88,6.346,7.2907,0
brainsaw|2021/06/21 14:22:30,2021/06/21 14:22:30,brainsaw,4x4x20,2,3.0,2.0,10.8,9.805,11.3487,0
brainsaw|2021/06/22 11:14:55,2021/06/22 11:14:55,brainsaw,2x2x5,1,4.0,10.0,12.2,10.238,10.4895,0
brainsaw|2021/06/23 11:11:40,2021/06/23 11:11:40,brainsaw,2x2x5,1,4.0,10.0,11.65,11.309,12.1346,0
neurovision|2021/06/23 11:34:05,2021/06/23 11:34:05,neurovision,2x2x5,1,1.0,8.0,11.64,9.698,10.4149,0
brainsaw|2021/06/25 16:14:18,2021/06/25 16:14:18,brainsaw,2x2x5,2,1.0,10.0,10.0,6.189,7.7358,0
brainsaw|2021/06/28 11:10:20,2021/06/28 11:10:20,brainsaw,4x4x20,4,2.0,2.0,11.16,11.873,13.2984,0
brainsaw|2021/07/02 13:13:37,2021/07/02 13:13:37,brainsaw,4x4x20,5,2.0,2.0,15.36,16.502,13.4295,1
brainsaw|2021/07/04 15:49:37,2021/07/04 15:49:37,brainsaw,4x4x20,5,2.0,2.0,14.24,16.918,14.8508,1
brainsaw|2021/07/06 14:27:38,2021/07/06 14:27:38,brainsaw,2x2x5,3,1.0,10.0,13.5,12.562,11.6319,1
brainsaw|2021/07/13 11:49:33,2021/07/13 11:49:33,brainsaw,4x4x20,6,2.0,2.0,12.64,19.977,19.7554,1
brainsaw|2021/07/20 12:55:46,2021/07/20 12:55:46,brainsaw,4x4x20,3,2.0,2.0,11.08,8.83,9.9616,0
neurovision|2021/07/22 11:27:45,2021/07/22 11:27:45,neurovision,4x4x20,2,2.0,2.0,12.56,8.513,8.4727,1
brainsaw|2021/07/22 11:57:24,2021/07/22 11:57:24,brainsaw,4x4x20,1,8.0,2.0,10.8,6.693,7.7469,0
neurovision|2021/07/23 17:37:32,2021/07/23 17:37:32,neurovision,4x4x20,2,4.0,2.0,13.68,10.643,9.7245,1
brainsaw|2021/07/24 09:49:34,2021/07/24 09:49:34,brainsaw,4x4x20,4,1.0,2.0,11.0,16.961,19.2734,0
neurovision|2021/07/26 11:52:40,2021/07/26 11:52:40,neurovision,4x4x20,1,1.0,2.0,12.8,7.038,6.8734,1
neurovision|2021/07/28 10:17:17,2021/07/28 10:17:17,neurovision,2x2x5,1,4.0,8.0,11.68,14.643,15.6714,0
brainsaw|2021/07/29 11:03:46,2021/07/29 11:03:46,brainsaw,2x2x5,1,1.0,10.0,10.35,5.826,7.0357,0
neurovision|2021/07/29 11:25:36,2021/07/29 11:25:36,neurovision,4x4x20,1,3.0,2.0,12.0,7.261,7.5637,0
brainsaw|2021/07/30 12:16:44,2021/07/30 12:16:44,brainsaw,2x2x5,1,1.0,10.0,10.4,5.796,6.9658,0
brainsaw|2021/08/02 11:13:05,2021/08/02 11:13:05,brainsaw,2x2x5,1,1.0,10.0,12.3,6.031,6.1295,0
neurovision|2021/08/04 11:56:54,2021/08/04 11:56:54,neurovision,4x4x20,6,2.0,2.0,12.56,17.378,17.295,1
neurovision|2021/08/05 10:14:50,2021/08/05 10:14:50,neurovision,2x2x5,5,1.0,8.0,10.0,22.934,28.6674,0
brainsaw|2021/08/07 10:27:53,2021/08/07 10:27:53,brainsaw,4x4x20,3,1.0,2.0,10.56,10.148,12.0124,0
neurovision|2021/08/09 11:30:13,2021/08/09 11:30:13,neurovision,4x4x20,4,2.0,2.0,10.92,11.923,13.6479,0
neurovision|2021/08/10 11:19:50,2021/08/10 11:19:50,neurovision,4x4x20,4,2.0,2.0,13.84,13.791,12.4553,1
brainsaw|2021/08/11 11:13:32,2021/08/11 11:13:32,brainsaw,4x4x20,4,2.0,2.0,14.0,13.163,11.7525,1
neurovision|2021/08/11 13:09:12,2021/08/11 13:09:12,neurovision,4x4x20,4,1.0,2.0,15.12,14.078,11.6386,1
brainsaw|2021/08/16 15:02:03,2021/08/16 15:02:03,brainsaw,4x4x20,2,10.0,2.0,12.0,11.137,11.6016,0
neurovision|2021/08/16 15:40:54,2021/08/16 15:40:54,neurovision,4x4x20,2,10.0,2.0,12.0,15.195,15.8284,0
neurovision|2021/08/17 11:52:37,2021/08/17 11:52:37,neurovision,4x4x20,4,1.0,2.0,12.0,11.376,11.8501,0
brainsaw|2021/08/18 12:31:45,2021/08/18 12:31:45,brainsaw,4x4x20,6,2.0,2.0,13.88,21.132,19.0307,1
neurovision|2021/08/22 10:22:36,2021/08/22 10:22:36,neurovision,4x4x20,6,1.0,2.0,11.0,18.273,20.7651,0
brainsaw|2021/08/22 12:13:29,2021/08/22 12:13:29,brainsaw,4x4x20,6,1.0,2.0,10.76,17.886,20.7785,0
brainsaw|2021/08/23 12:20:17,2021/08/23 12:20:17,brainsaw,4x4x20,2,20.0,2.0,12.0,14.821,15.4384,0
neurovision|2021/08/23 12:33:01,2021/08/23 12:33:01,neurovision,4x4x20,2,1.0,2.0,10.76,21.247,24.6834,0
brainsaw|2021/08/27 11:09:30,2021/08/27 11:09:30,brainsaw,2x2x5,1,1.0,8.0,10.0,7.508,9.3851,0
neurovision|2021/08/30 11:02:57,2021/08/30 11:02:57,neurovision,4x4x20,2,2.0,2.0,14.28,9.37,8.2023,1
brainsaw|2021/08/30 11:18:57,2021/08/30 11:18:57,brainsaw,4x4x20,3,4.0,2.0,13.0,9.621,9.2508,1
neurovision|2021/08/31 11:47:53,2021/08/31 11:47:53,neurovision,4x4x20,4,4.0,2.0,12.0,12.932,13.4708,0
brainsaw|2021/09/01 16:12:56,2021/09/01 16:12:56,brainsaw,4x4x20,7,4.0,2.0,10.08,10.007,12.4097,0
brainsaw|2021/09/08 10:29:02,2021/09/08 10:29:02,brainsaw,2x2x5,1,1.0,10.0,13.5,6.721,6.2233,1
brainsaw|2021/09/10 14:48:20,2021/09/10 14:48:20,brainsaw,2x2x5,2,1.0,10.0,13.4,11.281,10.5229,1
neurovision|2021/09/12 15:47:12,2021/09/12 15:47:12,neurovision,4x4x20,2,1.0,2.0,9.8,7.087,9.0395,0
brainsaw|2021/09/14 11:07:33,2021/09/14 11:07:33,brainsaw,2x2x5,1,1.0,10.0,13.15,6.352,6.0377,1
brainsaw|2021/09/15 11:24:26,2021/09/15 11:24:26,brainsaw,4x4x20,2,1.0,2.0,12.72,10.251,10.0733,1
neurovision|2021/09/15 11:40:18,2021/09/15 11:40:18,neurovision,4x4x20,6,2.0,2.0,14.6,20.854,17.8548,1
brainsaw|2021/09/20 10:01:38,2021/09/20 10:01:38,brainsaw,2x2x5,2,1.0,10.0,13.45,10.023,9.3154,1
neurovision|2021/09/23 17:48:22,2021/09/23 17:48:22,neurovision,4x4x20,4,1.0,2.0,12.64,13.312,13.1651,1
brainsaw|2021/09/27 11:07:18,2021/09/27 11:07:18,brainsaw,4x4x20,3,2.0,2.0,12.36,15.503,15.6787,0
neurovision|2021/09/27 11:35:25,2021/09/27 11:35:25,neurovision,4x4x20,4,1.0,2.0,12.76,12.291,12.0409,1
brainsaw|2021/09/28 10:45:39,2021/09/28 10:45:39,brainsaw,2x2x5,1,2.0,10.0,13.3,7.61,7.152,1
brainsaw|2021/10/05 18:39:02,2021/10/05 18:39:02,brainsaw,4x4x20,3,1.0,2.0,11.68,10.122,10.8326,0
brainsaw|2021/10/06 13:02:55,2021/10/06 13:02:55,brainsaw,2x2x5,1,1.0,10.0,10.0,5.865,7.3313,0
brainsaw|2021/10/08 11:48:54,2021/10/08 11:48:54,brainsaw,2x2x5,1,3.0,10.0,10.95,10.999,12.5558,0
brainsaw|2021/10/19 09:44:22,2021/10/19 09:44:22,brainsaw,4x4x20,3,4.0,2.0,12.44,22.212,22.3188,0
brainsaw|2021/10/26 12:49:09,2021/10/26 12:49:09,brainsaw,4x4x20,2,4.0,2.0,12.64,13.398,13.2499,1
brainsaw|2021/10/28 10:44:02,2021/10/28 10:44:02,brainsaw,2x2x5,1,2.0,10.0,11.0,7.805,8.8693,0
brainsaw|2021/11/01 14:15:56,2021/11/01 14:15:56,brainsaw,2x2x5,1,1.0,8.0,10.0,7.83,9.7879,0
neurovision|2021/11/03 11:36:01,2021/11/03 11:36:01,neurovision,4x4x20,6,1.0,2.0,13.52,19.953,18.4472,1
neurovision|2021/11/05 10:59:17,2021/11/05 10:59:17,neurovision,4x4x20,6,1.0,2.0,12.68,16.513,16.2786,1
brainsaw|2021/11/05 11:29:42,2021/11/05 11:29:42,brainsaw,4x4x20,6,1.0,2.0,13.56,22.203,20.4674,1
brainsaw|2021/11/09 14:49:24,2021/11/09 14:49:24,brainsaw,4x4x20,1,10.0,2.0,10.0,8.589,10.7368,0
neurovision|2021/11/23 12:29:04,2021/11/23 12:29:04,neurovision,4x4x20,5,1.0,2.0,11.0,21.327,24.2352,0
brainsaw|2021/11/24 12:00:41,2021/11/24 12:00:41,brainsaw,4x4x20,6,4.0,2.0,11.0,23.32,26.5003,0
brainsaw|2021/11/25 12:10:08,2021/11/25 12:10:08,brainsaw,2x2x5,1,4.0,8.0,13.56,15.724,14.495,1
brainsaw|2021/11/30 11:36:48,2021/11/30 11:36:48,brainsaw,2x2x5,3,1.0,8.0,11.92,14.421,15.1222,0
neurovision|2021/12/04 10:38:59,2021/12/04 10:38:59,neurovision,4x4x20,5,1.0,2.0,14.48,19.174,16.5523,1
brainsaw|2021/12/04 15:12:23,2021/12/04 15:12:23,brainsaw,2x2x5,2,1.0,10.0,12.65,9.873,9.756,1
brainsaw|2021/12/06 12:51:03,2021/12/06 12:51:03,brainsaw,2x2x5,1,1.0,8.0,10.0,8.958,11.1979,0
brainsaw|2021/12/09 15:09:39,2021/12/09 15:09:39,brainsaw,2x2x5,1,1.0,8.0,11.28,8.761,9.709,0
brainsaw|2021/12/13 18:32:21,2021/12/13 18:32:21,brainsaw,2x2x5,1,1.0,10.0,12.35,7.462,7.5529,0
brainsaw|2021/12/14 14:12:39,2021/12/14 14:12:39,brainsaw,4x4x20,4,1.0,2.0,13.08,15.373,14.6911,1
neurovision|2021/12/17 13:27:14,2021/12/17 13:27:14,neurovision,4x4x20,5,1.0,2.0,11.8,17.653,18.7003,0
neurovision|2021/12/19 10:49:37,2021/12/19 10:49:37,neurovision,4x4x20,5,1.0,2.0,12.0,18.525,19.2969,0
neurovision|2021/12/21 10:00:21,2021/12/21 10:00:21,neurovision,4x4x20,2,1.0,2.0,12.28,8.582,8.7354,0
neurovision|2021/12/30 19:23:55,2021/12/30 19:23:55,neurovision,4x4x20,1,1.0,2.0,10.36,6.631,8.0002,0
neurovision|2022/01/07 14:30:04,2022/01/07 14:30:04,neurovision,4x4x20,1,1.0,2.0,11.0,6.565,7.4602,0
brainsaw|2022/01/13 13:34:50,2022/01/13 13:34:50,brainsaw,2x2x5,2,3.0,8.0,14.84,24.008,20.2226,1
brainsaw|2022/01/19 16:32:13,2022/01/19 16:32:13,brainsaw,2x2x5,3,1.0,10.0,13.85,16.002,14.4419,1
brainsaw|2022/01/23 17:30:12,2022/01/23 17:30:12,brainsaw,2x2x5,2,4.0,8.0,14.48,26.242,22.6541,1
brainsaw|2022/01/25 11:34:52,2022/01/25 11:34:52,brainsaw,2x2x5,2,4.0,8.0,11.68,23.032,24.6492,0
brainsaw|2022/01/28 11:06:46,2022/01/28 11:06:46,brainsaw,2x2x5,4,1.0,10.0,13.0,18.452,17.7425,1
neurovision|2022/02/11 09:49:32,2022/02/11 09:49:32,neurovision,4x4x20,6,1.0,2.0,12.0,19.019,19.8113,0
brainsaw|2022/02/11 12:14:03,2022/02/11 12:14:03,brainsaw,4x4x20,5,1.0,2.0,13.4,20.894,19.4906,1
brainsaw|2022/02/14 14:44:24,2022/02/14 14:44:24,brainsaw,2x2x5,1,1.0,8.0,10.92,8.652,9.9041,0
brainsaw|2022/02/15 14:31:24,2022/02/15 14:31:24,brainsaw,2x2x5,1,1.0,8.0,12.04,9.088,9.4347,0
brainsaw|2022/02/16 14:17:52,2022/02/16 14:17:52,brainsaw,2x2x5,2,1.0,8.0,13.68,14.744,13.4726,1
brainsaw|2022/02/17 12:07:47,2022/02/17 12:07:47,brainsaw,2x2x5,1,2.0,10.0,10.05,8.936,11.1146,0
brainsaw|2022/02/22 11:14:33,2022/02/22 11:14:33,brainsaw,2x2x5,1,1.0,8.0,11.48,9.376,10.2092,0
brainsaw|2022/02/23 10:54:12,2022/02/23 10:54:12,brainsaw,4x4x20,2,1.0,2.0,13.88,11.614,10.4597,1
neurovision|2022/02/28 11:01:43,2022/02/28 11:01:43,neurovision,4x4x20,6,1.0,2.0,13.48,20.391,18.9084,1
brainsaw|2022/02/28 11:56:50,2022/02/28 11:56:50,brainsaw,2x2x5,5,1.0,10.0,12.05,18.576,19.2698,0
brainsaw|2022/03/03 10:41:15,2022/03/03 10:41:15,brainsaw,2x2x5,2,2.0,10.0,13.0,14.13,13.5868,1
brainsaw|2022/03/04 10:15:22,2022/03/04 10:15:22,brainsaw,2x2x5,3,2.0,10.0,12.35,19.786,20.0267,0
brainsaw|2022/03/31 11:32:08,2022/03/31 11:32:08,brainsaw,4x4x20,2,1.0,2.0,14.16,12.113,10.6925,1
brainsaw|2022/04/14 11:04:58,2022/04/14 11:04:58,brainsaw,4x4x20,6,1.0,2.0,13.84,21.094,19.0518,1
brainsaw|2022/04/16 10:26:47,2022/04/16 10:26:47,brainsaw,4x4x20,6,1.0,2.0,11.76,17.009,18.0795,0
brainsaw|2022/05/03 12:02:47,2022/05/03 12:02:47,brainsaw,4x4x20,1,2.0,2.0,12.6,8.416,8.3488,1
brainsaw|2022/05/04 10:31:51,2022/05/04 10:31:51,brainsaw,4x4x20,1,2.0,2.0,10.2,6.831,8.3715,0
neurovision|2022/05/05 13:48:45,2022/05/05 13:48:45,neurovision,4x4x20,6,1.0,2.0,12.96,18.865,18.1951,1
neurovision|2022/05/06 11:48:42,2022/05/06 11:48:42,neurovision,4x4x20,6,1.0,2.0,13.24,19.02,17.9567,1
brainsaw|2022/05/06 12:03:30,2022/05/06 12:03:30,brainsaw,4x4x20,6,1.0,2.0,13.0,21.759,20.9223,1
neurovision|2022/05/20 11:32:32,2022/05/20 11:32:32,neurovision,4x4x20,3,1.0,2.0,13.84,12.572,11.3547,1
brainsaw|2022/05/23 11:12:37,2022/05/23 11:12:37,brainsaw,4x4x20,1,1.0,2.0,12.24,8.693,8.8771,0
brainsaw|2022/05/30 12:04:27,2022/05/30 12:04:27,brainsaw,2x2x5,1,1.0,10.0,11.5,8.649,9.4016,0
brainsaw|2022/05/31 11:34:33,2022/05/31 11:34:33,brainsaw,2x2x5,2,1.0,10.0,13.0,11.877,11.4207,1
brainsaw|2022/06/02 12:00:50,2022/06/02 12:00:50,brainsaw,4x4x20,2,1.0,2.0,14.52,13.047,11.2316,1
neurovision|2022/06/05 11:25:48,2022/06/05 11:25:48,neurovision,4x4x20,6,1.0,2.0,12.68,19.934,19.6515,1
brainsaw|2022/06/07 11:39:14,2022/06/07 11:39:14,brainsaw,2x2x5,1,4.0,10.0,12.5,15.738,15.7375,1
neurovision|2022/06/08 11:36:28,2022/06/08 11:36:28,neurovision,4x4x20,6,1.0,2.0,13.52,22.467,20.7717,1
brainsaw|2022/06/08 11:56:35,2022/06/08 11:56:35,brainsaw,4x4x20,5,10.0,2.0,10.08,26.196,32.4846,0
brainsaw|2022/06/09 17:30:25,2022/06/09 17:30:25,brainsaw,2x2x5,4,1.0,10.0,13.4,16.359,15.2607,1
brainsaw|2022/06/14 12:05:09,2022/06/14 12:05:09,brainsaw,2x2x5,2,2.0,10.0,11.4,14.352,15.7374,0
brainsaw|2022/06/29 14:35:31,2022/06/29 14:35:31,brainsaw,2x2x5,2,1.0,8.0,13.68,16.418,15.0014,1
brainsaw|2022/06/30 12:33:07,2022/06/30 12:33:07,brainsaw,2x2x5,2,4.0,10.0,12.5,21.984,21.9836,1
brainsaw|2022/07/08 10:57:57,2022/07/08 10:57:57,brainsaw,2x2x5,1,3.0,8.0,12.36,11.991,12.1272,0
brainsaw|2022/07/25 17:20:35,2022/07/25 17:20:35,brainsaw,2x2x5,4,1.0,8.0,10.88,16.326,18.7564,0
brainsaw|2022/07/27 15:01:54,2022/07/27 15:01:54,brainsaw,2x2x5,2,1.0,8.0,12.16,12.347,12.6919,0
brainsaw|2022/08/16 17:33:32,2022/08/16 17:33:32,brainsaw,2x2x5,1,1.0,8.0,12.64,9.89,9.7802,1
brainsaw|2022/08/18 11:48:39,2022/08/18 11:48:39,brainsaw,2x2x5,2,10.0,10.0,11.5,13.605,14.7877,0
brainsaw|2022/08/22 11:29:07,2022/08/22 11:29:07,brainsaw,2x2x5,1,1.0,8.0,14.04,11.17,9.9446,1
neurovision|2022/08/23 11:13:18,2022/08/23 11:13:18,neurovision,2x2x5,1,2.0,8.0,14.0,13.928,12.4358,1
brainsaw|2022/08/23 11:49:18,2022/08/23 11:49:18,brainsaw,2x2x5,1,1.0,10.0,11.5,6.9,7.5,0
brainsaw|2022/08/24 11:22:16,2022/08/24 11:22:16,brainsaw,2x2x5,2,1.0,8.0,14.96,14.164,11.8348,1
brainsaw|2022/08/31 15:47:56,2022/08/31 15:47:56,brainsaw,2x2x5,3,1.0,8.0,13.36,16.343,15.2908,1
brainsaw|2022/09/12 12:20:00,2022/09/12 12:20:00,brainsaw,4x4x20,3,2.0,2.0,14.12,18.149,16.0664,1
neurovision|2022/09/15 15:50:00,2022/09/15 15:50:00,neurovision,2x2x5,1,2.0,8.0,13.56,11.523,10.6225,1
neurovision|2022/09/29 15:03:16,2022/09/29 15:03:16,neurovision,2x2x5,2,1.0,8.0,14.72,14.549,12.3552,1
brainsaw|2022/10/04 11:31:18,2022/10/04 11:31:18,brainsaw,2x2x5,1,2.0,10.0,12.05,9.522,9.8775,0
neurovision|2022/10/07 14:55:42,2022/10/07 14:55:42,neurovision,2x2x5,2,3.0,8.0,13.4,26.761,24.964,1
brainsaw|2022/10/11 17:09:43,2022/10/11 17:09:43,brainsaw,2x2x5,2,1.0,8.0,15.12,15.784,13.0493,1
brainsaw|2022/10/24 16:22:27,2022/10/24 16:22:27,brainsaw,2x2x5,3,1.0,10.0,12.0,15.028,15.6539,0
brainsaw|2022/10/25 11:19:37,2022/10/25 11:19:37,brainsaw,2x2x5,2,1.0,10.0,12.0,10.548,10.9873,0
brainsaw|2022/10/26 14:54:48,2022/10/26 14:54:48,brainsaw,2x2x5,1,1.0,10.0,13.5,8.573,7.938,1
brainsaw|2022/10/29 18:43:35,2022/10/29 18:43:35,brainsaw,4x4x20,2,1.0,2.0,10.6,10.755,12.6828,0
neurovision|2022/10/31 13:19:46,2022/10/31 13:19:46,neurovision,2x2x5,1,2.0,8.0,12.64,11.831,11.7003,1
brainsaw|2022/11/01 11:09:36,2022/11/01 11:09:36,brainsaw,2x2x5,2,1.0,8.0,15.68,18.399,14.6677,1
neurovision|2022/11/01 12:42:13,2022/11/01 12:42:13,neurovision,2x2x5,2,1.0,8.0,14.2,14.081,12.3951,1
brainsaw|2022/11/11 11:50:27,2022/11/11 11:50:27,brainsaw,2x2x5,2,2.0,10.0,10.05,11.086,13.788,0
brainsaw|2022/11/15 11:19:26,2022/11/15 11:19:26,brainsaw,4x4x20,4,4.0,2.0,12.52,21.573,21.5389,1
brainsaw|2022/11/18 13:09:25,2022/11/18 13:09:25,brainsaw,4x4x20,3,1.0,2.0,12.24,12.781,13.0529,0
neurovision|2022/12/05 20:48:08,2022/12/05 20:48:08,neurovision,2x2x5,2,1.0,8.0,12.28,16.275,16.5666,0
brainsaw|2022/12/07 14:31:46,2022/12/07 14:31:46,brainsaw,4x4x20,2,2.0,2.0,15.36,15.256,12.4155,1
brainsaw|2022/12/08 13:58:27,2022/12/08 13:58:27,brainsaw,2x2x5,2,1.0,10.0,13.35,13.814,12.9341,1
brainsaw|2022/12/13 09:13:41,2022/12/13 09:13:41,brainsaw,4x4x20,1,1.0,2.0,12.04,7.791,8.0885,0
neurovision|2022/12/13 15:39:34,2022/12/13 15:39:34,neurovision,2x2x5,1,1.0,8.0,12.8,8.772,8.5661,1
neurovision|2022/12/14 12:24:18,2022/12/14 12:24:18,neurovision,2x2x5,1,10.0,8.0,12.92,11.314,10.9461,1
brainsaw|2022/12/19 17:28:13,2022/12/19 17:28:13,brainsaw,4x4x20,4,1.0,2.0,14.44,15.966,13.8211,1
brainsaw|2022/12/22 12:57:03,2022/12/22 12:57:03,brainsaw,2x2x5,2,1.0,10.0,13.7,13.259,12.098,1
brainsaw|2023/01/11 14:50:04,2023/01/11 14:50:04,brainsaw,2x2x5,1,4.0,10.0,12.0,11.792,12.2833,0
brainsaw|2023/01/12 15:08:47,2023/01/12 15:08:47,brainsaw,2x2x5,3,1.0,10.0,12.5,17.174,17.1742,1
neurovision|2023/01/27 16:04:45,2023/01/27 16:04:45,neurovision,4x4x20,1,1.0,2.0,14.24,7.892,6.9274,1
neurovision|2023/02/06 11:38:32,2023/02/06 11:38:32,neurovision,4x4x20,1,4.0,2.0,12.84,8.245,8.0267,1
neurovision|2023/02/07 11:26:44,2023/02/07 11:26:44,neurovision,4x4x20,1,4.0,2.0,12.8,10.426,10.1815,1
neurovision|2023/02/08 11:51:34,2023/02/08 11:51:34,neurovision,4x4x20,3,1.0,2.0,14.24,12.519,10.9892,1
brainsaw|2023/02/13 15:06:14,2023/02/13 15:06:14,brainsaw,2x2x5,3,1.0,10.0,13.5,16.023,14.8364,1
brainsaw|2023/02/14 10:52:04,2023/02/14 10:52:04,brainsaw,2x2x5,1,4.0,10.0,13.55,12.59,11.6144,1
brainsaw|2023/02/15 10:27:44,2023/02/15 10:27:44,brainsaw,2x2x5,2,2.0,10.0,13.9,14.767,13.2794,1
brainsaw|2023/02/20 12:19:19,2023/02/20 12:19:19,brainsaw,2x2x5,4,1.0,10.0,13.35,20.245,18.9557,1
neurovision|2023/02/25 14:44:57,2023/02/25 14:44:57,neurovision,2x2x5,4,4.0,8.0,14.96,51.088,42.687,1
brainsaw|2023/03/02 15:12:01,2023/03/02 15:12:01,brainsaw,2x2x5,2,1.0,8.0,9.6,10.446,13.6017,0
neurovision|2023/03/20 11:51:01,2023/03/20 11:51:01,neurovision,2x2x5,1,4.0,8.0,10.52,15.506,18.4249,0
brainsaw|2023/03/21 11:22:25,2023/03/21 11:22:25,brainsaw,4x4x20,2,4.0,2.0,10.04,11.595,14.4357,0
neurovision|2023/03/22 14:30:22,2023/03/22 14:30:22,neurovision,4x4x20,2,1.0,2.0,12.0,9.918,10.331,0
neurovision|2023/03/23 11:23:18,2023/03/23 11:23:18,neurovision,4x4x20,4,4.0,2.0,12.72,17.316,17.0163,1
brainsaw|2023/03/23 13:30:44,2023/03/23 13:30:44,brainsaw,4x4x20,4,4.0,2.0,12.0,17.756,18.4957,0
brainsaw|2023/03/27 11:06:52,2023/03/27 11:06:52,brainsaw,4x4x20,1,4.0,2.0,13.52,10.493,9.7012,1
neurovision|2023/03/27 14:55:56,2023/03/27 14:55:56,neurovision,4x4x20,5,2.0,2.0,11.8,18.769,19.8826,0
brainsaw|2023/03/29 09:30:32,2023/03/29 09:30:32,brainsaw,2x2x5,2,4.0,8.0,13.8,23.904,21.6523,1
neurovision|2023/03/29 11:11:10,2023/03/29 11:11:10,neurovision,4x4x20,2,4.0,2.0,13.56,13.45,12.3983,1
brainsaw|2023/03/30 13:10:02,2023/03/30 13:10:02,brainsaw,2x2x5,2,4.0,8.0,10.96,23.564,26.8752,0
brainsaw|2023/03/31 13:23:16,2023/03/31 13:23:16,brainsaw,2x2x5,1,4.0,8.0,11.96,14.512,15.1672,0
brainsaw|2023/04/04 10:36:02,2023/04/04 10:36:02,brainsaw,4x4x20,1,4.0,2.0,13.6,10.057,9.2433,1
brainsaw|2023/04/05 11:26:53,2023/04/05 11:26:53,brainsaw,2x2x5,2,4.0,8.0,15.0,23.933,19.9444,1
brainsaw|2023/04/06 12:23:30,2023/04/06 12:23:30,brainsaw,2x2x5,2,4.0,8.0,12.92,23.37,22.6103,1
brainsaw|2023/04/07 13:09:04,2023/04/07 13:09:04,brainsaw,2x2x5,2,4.0,8.0,12.24,23.034,23.5235,0
brainsaw|2023/04/10 12:52:54,2023/04/10 12:52:54,brainsaw,2x2x5,2,4.0,8.0,12.32,22.17,22.4942,0
brainsaw|2023/04/11 13:10:30,2023/04/11 13:10:30,brainsaw,2x2x5,1,4.0,8.0,12.4,13.544,13.6531,0
brainsaw|2023/04/12 19:06:25,2023/04/12 19:06:25,brainsaw,4x4x20,4,3.0,2.0,10.8,15.4,17.8244,0
brainsaw|2023/04/25 18:26:40,2023/04/25 18:26:40,brainsaw,2x2x5,1,1.0,8.0,15.0,11.524,9.6035,1
brainsaw|2023/04/27 13:48:30,2023/04/27 13:48:30,brainsaw,2x2x5,2,1.0,8.0,11.0,13.399,15.2266,0
brainsaw|2023/05/02 12:11:17,2023/05/02 12:11:17,brainsaw,2x2x5,3,4.0,8.0,15.0,42.815,35.6792,1
neurovision|2023/05/02 12:37:04,2023/05/02 12:37:04,neurovision,2x2x5,4,4.0,8.0,14.92,56.624,47.4396,1
neurovision|2023/05/07 14:00:46,2023/05/07 14:00:46,neurovision,2x2x5,4,4.0,8.0,13.68,47.371,43.2845,1
brainsaw|2023/05/14 11:53:38,2023/05/14 11:53:38,brainsaw,2x2x5,1,1.0,10.0,14.4,14.604,12.677,1
neurovision|2023/05/31 10:29:14,2023/05/31 10:29:14,neurovision,2x2x5,1,1.0,8.0,11.92,8.796,9.2235,0
neurovision|2023/06/01 09:37:20,2023/06/01 09:37:20,neurovision,2x2x5,2,1.0,8.0,12.72,18.892,18.5655,1
neurovision|2023/06/03 11:07:16,2023/06/03 11:07:16,neurovision,2x2x5,3,1.0,8.0,13.76,14.616,13.2777,1
neurovision|2023/06/04 14:37:48,2023/06/04 14:37:48,neurovision,2x2x5,1,4.0,8.0,12.6,16.828,16.6942,1
neurovision|2023/06/08 11:45:51,2023/06/08 11:45:51,neurovision,4x4x20,4,1.0,2.0,14.28,15.003,13.1327,1
brainsaw|2023/06/16 15:20:40,2023/06/16 15:20:40,brainsaw,2x2x5,2,1.0,8.0,10.8,11.889,13.7606,0
brainsaw|2023/06/29 11:02:21,2023/06/29 11:02:21,brainsaw,2x2x5,1,1.0,8.0,13.8,16.997,15.3963,1
brainsaw|2023/06/30 12:20:26,2023/06/30 12:20:26,brainsaw,4x4x20,2,1.0,2.0,13.68,19.609,17.9177,1
brainsaw|2023/07/01 11:26:43,2023/07/01 11:26:43,brainsaw,2x2x5,1,4.0,8.0,13.52,16.237,15.012,1
brainsaw|2023/07/02 11:40:15,2023/07/02 11:40:15,brainsaw,4x4x20,2,1.0,2.0,12.52,12.726,12.7055,1
brainsaw|2023/07/03 15:40:08,2023/07/03 15:40:08,brainsaw,2x2x5,1,4.0,8.0,10.04,16.64,20.7171,0
neurovision|2023/07/04 14:34:44,2023/07/04 14:34:44,neurovision,2x2x5,4,2.0,8.0,15.76,30.664,24.321,1
brainsaw|2023/07/12 12:12:59,2023/07/12 12:12:59,brainsaw,2x2x5,3,1.0,10.0,13.0,14.987,14.4103,1
brainsaw|2023/07/20 14:24:29,2023/07/20 14:24:29,brainsaw,2x2x5,3,1.0,10.0,11.0,16.056,18.2456,0
brainsaw|2023/07/21 17:24:12,2023/07/21 17:24:12,brainsaw,2x2x5,1,4.0,8.0,11.48,15.779,17.1814,0
brainsaw|2023/07/22 21:02:35,2023/07/22 21:02:35,brainsaw,2x2x5,1,4.0,8.0,11.24,14.769,16.4242,0
brainsaw|2023/07/25 18:01:55,2023/07/25 18:01:55,brainsaw,2x2x5,1,4.0,8.0,11.52,14.827,16.0883,0
brainsaw|2023/08/09 12:15:52,2023/08/09 12:15:52,brainsaw,2x2x5,2,4.0,8.0,13.8,27.889,25.2622,1
neurovision|2023/08/10 11:56:13,2023/08/10 11:56:13,neurovision,2x2x5,5,2.0,8.0,16.56,40.169,30.3211,1
brainsaw|2023/08/18 14:24:27,2023/08/18 14:24:27,brainsaw,2x2x5,2,2.0,10.0,9.7,13.432,17.3092,0
neurovision|2023/08/26 17:11:03,2023/08/26 17:11:03,neurovision,2x2x5,4,4.0,8.0,14.8,56.193,47.4604,1
brainsaw|2023/08/30 15:44:02,2023/08/30 15:44:02,brainsaw,2x2x5,1,4.0,8.0,12.4,17.65,17.7921,0
brainsaw|2023/09/01 19:02:20,2023/09/01 19:02:20,brainsaw,2x2x5,1,4.0,8.0,12.4,16.306,16.4379,0
brainsaw|2023/09/04 14:38:58,2023/09/04 14:38:58,brainsaw,2x2x5,2,1.0,8.0,10.0,12.006,15.0069,0
brainsaw|2023/09/06 15:52:05,2023/09/06 15:52:05,brainsaw,4x4x20,6,1.0,2.0,10.6,21.518,25.3751,0
brainsaw|2023/09/07 14:01:18,2023/09/07 14:01:18,brainsaw,4x4x20,6,1.0,2.0,10.92,21.856,25.0188,0
brainsaw|2023/09/11 16:29:05,2023/09/11 16:29:05,brainsaw,2x2x5,1,4.0,8.0,12.4,16.482,16.6151,0
brainsaw|2023/09/18 12:48:31,2023/09/18 12:48:31,brainsaw,2x2x5,1,4.0,8.0,12.4,15.231,15.3534,0
brainsaw|2023/09/19 17:59:05,2023/09/19 17:59:05,brainsaw,2x2x5,1,4.0,8.0,12.4,16.541,16.6748,0
brainsaw|2023/09/20 14:42:27,2023/09/20 14:42:27,brainsaw,2x2x5,1,4.0,8.0,12.4,16.282,16.4135,0
neurovision|2023/09/23 14:52:47,2023/09/23 14:52:47,neurovision,2x2x5,4,2.0,8.0,15.04,35.227,29.2775,1
brainsaw|2023/09/26 17:38:45,2023/09/26 17:38:45,brainsaw,2x2x5,1,4.0,8.0,12.4,14.793,14.9126,0
brainsaw|2023/10/02 15:51:56,2023/10/02 15:51:56,brainsaw,2x2x5,1,1.0,8.0,10.0,8.569,10.7108,0
brainsaw|2023/10/06 12:25:56,2023/10/06 12:25:56,brainsaw,2x2x5,1,4.0,8.0,12.4,16.859,16.9946,0
brainsaw|2023/10/09 19:56:00,2023/10/09 19:56:00,brainsaw,2x2x5,1,4.0,8.0,12.4,17.628,17.7705,0
brainsaw|2023/10/16 13:56:56,2023/10/16 13:56:56,brainsaw,2x2x5,1,4.0,8.0,12.4,16.547,16.6804,0
brainsaw|2023/10/17 13:40:24,2023/10/17 13:40:24,brainsaw,2x2x5,1,4.0,8.0,12.4,16.755,16.8901,0
brainsaw|2023/10/18 14:28:03,2023/10/18 14:28:03,brainsaw,2x2x5,1,4.0,8.0,12.28,15.851,16.1348,0
brainsaw|2023/10/25 13:37:44,2023/10/25 13:37:44,brainsaw,4x4x20,6,1.0,2.0,9.56,25.919,33.8905,0
brainsaw|2023/10/27 13:37:40,2023/10/27 13:37:40,brainsaw,4x4x20,1,1.0,2.0,14.52,10.927,9.4066,1
brainsaw|2023/10/28 19:47:51,2023/10/28 19:47:51,brainsaw,2x2x5,1,4.0,8.0,11.64,14.953,16.0575,0
brainsaw|2023/10/29 14:19:26,2023/10/29 14:19:26,brainsaw,2x2x5,1,4.0,8.0,12.4,15.829,15.9563,0
brainsaw|2023/11/07 11:35:29,2023/11/07 11:35:29,brainsaw,4x4x20,1,1.0,2.0,15.32,10.914,8.9049,1
brainsaw|2023/11/09 17:48:32,2023/11/09 17:48:32,brainsaw,2x2x5,1,4.0,8.0,10.16,15.914,19.5794,0
brainsaw|2023/11/24 18:59:44,2023/11/24 18:59:44,brainsaw,4x4x20,4,1.0,2.0,13.4,18.196,16.9735,1
brainsaw|2023/12/01 15:24:34,2023/12/01 15:24:34,brainsaw,2x2x5,3,1.0,10.0,13.6,14.432,13.2649,1
brainsaw|2023/12/02 12:52:39,2023/12/02 12:52:39,brainsaw,2x2x5,2,4.0,8.0,13.04,25.286,24.239,1
brainsaw|2023/12/03 18:41:07,2023/12/03 18:41:07,brainsaw,2x2x5,1,4.0,8.0,12.2,15.938,16.3297,0
brainsaw|2023/12/04 15:20:55,2023/12/04 15:20:55,brainsaw,2x2x5,1,4.0,8.0,12.4,16.454,16.5866,0
neurovision|2023/12/05 12:17:16,2023/12/05 12:17:16,neurovision,2x2x5,1,6.0,8.0,11.36,19.837,21.8276,0
brainsaw|2023/12/08 14:13:02,2023/12/08 14:13:02,brainsaw,2x2x5,1,4.0,8.0,12.08,16.381,16.9507,0
brainsaw|2023/12/09 22:18:15,2023/12/09 22:18:15,brainsaw,2x2x5,1,6.0,8.0,12.0,20.457,21.3099,0
brainsaw|2023/12/11 12:07:20,2023/12/11 12:07:20,brainsaw,2x2x5,2,1.0,10.0,12.9,11.334,10.9827,1
brainsaw|2023/12/12 12:11:08,2023/12/12 12:11:08,brainsaw,2x2x5,1,1.0,10.0,11.55,6.977,7.5508,0
brainsaw|2023/12/13 17:08:03,2023/12/13 17:08:03,brainsaw,2x2x5,1,4.0,8.0,10.88,14.84,17.0496,0
brainsaw|2023/12/14 15:10:08,2023/12/14 15:10:08,brainsaw,2x2x5,1,1.0,8.0,10.8,8.635,9.9939,0
brainsaw|2023/12/15 12:39:31,2023/12/15 12:39:31,brainsaw,4x4x20,5,1.0,2.0,14.12,26.746,23.677,1
neurovision|2023/12/15 15:52:05,2023/12/15 15:52:05,neurovision,4x4x20,1,2.0,2.0,11.24,7.587,8.4377,0
brainsaw|2023/12/16 18:06:44,2023/12/16 18:06:44,brainsaw,2x2x5,1,4.0,8.0,12.12,16.126,16.6311,0
neurovision|2023/12/19 13:28:41,2023/12/19 13:28:41,neurovision,2x2x5,7,1.0,8.0,16.88,56.31,41.699,1
brainsaw|2023/12/20 11:33:36,2023/12/20 11:33:36,brainsaw,4x4x20,3,2.0,2.0,12.48,18.918,18.9478,0
brainsaw|2023/12/21 16:14:59,2023/12/21 16:14:59,brainsaw,2x2x5,1,4.0,8.0,12.0,15.318,15.956,0
neurovision|2023/12/23 14:41:19,2023/12/23 14:41:19,neurovision,4x4x20,4,2.0,2.0,14.32,16.603,14.4927,1
neurovision|2023/12/31 19:38:24,2023/12/31 19:38:24,neurovision,2x2x5,2,4.0,8.0,13.12,27.407,26.1118,1
brainsaw|2024/01/03 12:04:16,2024/01/03 12:04:16,brainsaw,2x2x5,1,4.0,8.0,12.4,17.275,17.4143,0
brainsaw|2024/01/04 14:31:13,2024/01/04 14:31:13,brainsaw,2x2x5,1,4.0,8.0,12.4,16.817,16.9528,0
neurovision|2024/01/05 14:17:32,2024/01/05 14:17:32,neurovision,4x4x20,2,1.0,2.0,14.36,9.953,8.6639,1
brainsaw|2024/01/08 11:33:28,2024/01/08 11:33:28,brainsaw,2x2x5,2,2.0,10.0,11.15,15.03,16.8498,0
neurovision|2024/01/12 15:23:32,2024/01/12 15:23:32,neurovision,2x2x5,2,4.0,8.0,14.0,29.834,26.6372,1
brainsaw|2024/01/14 16:28:00,2024/01/14 16:28:00,brainsaw,2x2x5,1,4.0,8.0,11.48,16.061,17.4884,0
neurovision|2024/01/15 18:43:53,2024/01/15 18:43:53,neurovision,4x4x20,2,4.0,2.0,13.32,12.852,12.0608,1
brainsaw|2024/01/15 19:09:40,2024/01/15 19:09:40,brainsaw,4x4x20,3,1.0,2.0,10.32,13.633,16.5126,0
brainsaw|2024/01/16 14:39:49,2024/01/16 14:39:49,brainsaw,2x2x5,1,4.0,8.0,12.0,15.52,16.1664,0
neurovision|2024/01/22 13:27:35,2024/01/22 13:27:35,neurovision,4x4x20,2,1.0,2.0,14.4,10.069,8.7401,1
brainsaw|2024/01/22 18:06:45,2024/01/22 18:06:45,brainsaw,2x2x5,1,4.0,8.0,11.64,15.306,16.437,0
brainsaw|2024/01/23 18:06:29,2024/01/23 18:06:29,brainsaw,2x2x5,1,4.0,8.0,12.04,15.746,16.3471,0
neurovision|2024/01/25 15:17:05,2024/01/25 15:17:05,neurovision,4x4x20,1,2.0,2.0,15.52,6.96,5.6057,1
neurovision|2024/02/02 15:02:22,2024/02/02 15:02:22,neurovision,4x4x20,1,2.0,2.0,14.6,8.398,7.1901,1
brainsaw|2024/02/09 13:59:23,2024/02/09 13:59:23,brainsaw,2x2x5,1,4.0,8.0,11.36,15.201,16.7263,0
brainsaw|2024/02/10 18:10:16,2024/02/10 18:10:16,brainsaw,2x2x5,1,4.0,8.0,12.4,15.464,15.5889,0
brainsaw|2024/02/11 14:38:54,2024/02/11 14:38:54,brainsaw,2x2x5,1,4.0,8.0,12.4,16.201,16.3312,0
brainsaw|2024/02/15 14:32:13,2024/02/15 14:32:13,brainsaw,2x2x5,1,4.0,8.0,12.24,16.196,16.5399,0
neurovision|2024/02/15 18:09:53,2024/02/15 18:09:53,neurovision,4x4x20,5,1.0,2.0,15.4,14.87,12.0696,1
brainsaw|2024/02/16 16:02:46,2024/02/16 16:02:46,brainsaw,2x2x5,1,8.0,8.0,11.2,19.219,21.45,0
neurovision|2024/02/18 18:04:04,2024/02/18 18:04:04,neurovision,4x4x20,4,1.0,2.0,14.72,14.612,12.4085,1
brainsaw|2024/02/19 16:23:58,2024/02/19 16:23:58,brainsaw,2x2x5,3,2.0,10.0,11.0,21.421,24.3425,0
neurovision|2024/02/22 17:44:15,2024/02/22 17:44:15,neurovision,4x4x20,1,2.0,2.0,15.36,7.435,6.0508,1
brainsaw|2024/02/23 20:01:46,2024/02/23 20:01:46,brainsaw,2x2x5,1,4.0,8.0,12.04,17.675,18.3506,0
brainsaw|2024/02/26 12:35:41,2024/02/26 12:35:41,brainsaw,2x2x5,2,2.0,10.0,11.0,14.814,16.8343,0
neurovision|2024/03/01 15:11:04,2024/03/01 15:11:04,neurovision,2x2x5,1,4.0,8.0,14.84,20.852,17.5637,1
brainsaw|2024/03/01 17:22:06,2024/03/01 17:22:06,brainsaw,2x2x5,1,4.0,8.0,12.4,16.001,16.1299,0
neurovision|2024/03/02 14:39:25,2024/03/02 14:39:25,neurovision,2x2x5,1,1.0,8.0,14.44,18.943,16.3981,1
brainsaw|2024/03/04 14:44:33,2024/03/04 14:44:33,brainsaw,2x2x5,1,4.0,8.0,12.2,15.329,15.7064,0
brainsaw|2024/03/06 14:22:47,2024/03/06 14:22:47,brainsaw,2x2x5,1,4.0,8.0,12.88,17.511,16.9945,1
neurovision|2024/03/06 15:33:43,2024/03/06 15:33:43,neurovision,4x4x20,4,2.0,2.0,14.64,16.286,13.9055,1
brainsaw|2024/03/07 12:46:49,2024/03/07 12:46:49,brainsaw,2x2x5,2,4.0,8.0,14.12,27.913,24.7106,1
neurovision|2024/03/08 13:41:48,2024/03/08 13:41:48,neurovision,4x4x20,3,4.0,2.0,15.24,13.059,10.7115,1
brainsaw|2024/03/09 10:20:40,2024/03/09 10:20:40,brainsaw,2x2x5,2,4.0,8.0,13.68,27.577,25.1985,1
brainsaw|2024/03/11 15:10:04,2024/03/11 15:10:04,brainsaw,2x2x5,1,4.0,8.0,12.4,17.503,17.6442,0
brainsaw|2024/03/18 11:28:53,2024/03/18 11:28:53,brainsaw,4x4x20,6,4.0,2.0,13.28,23.553,22.1699,1
brainsaw|2024/03/19 13:22:48,2024/03/19 13:22:48,brainsaw,2x2x5,1,1.0,8.0,11.76,8.172,8.6865,0
brainsaw|2024/03/20 12:48:59,2024/03/20 12:48:59,brainsaw,2x2x5,1,4.0,8.0,11.4,14.89,16.3264,0
neurovision|2024/03/23 14:12:29,2024/03/23 14:12:29,neurovision,2x2x5,4,1.0,8.0,14.96,44.262,36.9836,1
brainsaw|2024/03/25 12:26:12,2024/03/25 12:26:12,brainsaw,2x2x5,2,4.0,8.0,10.56,22.122,26.1857,0
brainsaw|2024/03/26 11:15:01,2024/03/26 11:15:01,brainsaw,4x4x20,3,1.0,2.0,12.36,12.242,12.3812,0
neurovision|2024/03/28 14:49:31,2024/03/28 14:49:31,neurovision,2x2x5,4,2.0,8.0,14.24,37.704,33.0968,1
brainsaw|2024/04/03 12:36:34,2024/04/03 12:36:34,brainsaw,4x4x20,3,4.0,2.0,14.56,13.931,11.9596,1
brainsaw|2024/04/07 15:45:50,2024/04/07 15:45:50,brainsaw,2x2x5,1,4.0,8.0,10.72,13.689,15.9619,0
brainsaw|2024/04/09 12:11:15,2024/04/09 12:11:15,brainsaw,2x2x5,1,4.0,8.0,12.08,16.346,16.9144,0
brainsaw|2024/04/10 13:47:57,2024/04/10 13:47:57,brainsaw,2x2x5,1,4.0,8.0,10.6,15.597,18.3923,0
brainsaw|2024/04/11 09:41:48,2024/04/11 09:41:48,brainsaw,2x2x5,2,4.0,8.0,9.72,22.464,28.8887,0
neurovision|2024/04/12 10:48:13,2024/04/12 10:48:13,neurovision,2x2x5,1,8.0,8.0,11.68,23.25,24.8823,0
brainsaw|2024/04/13 15:41:58,2024/04/13 15:41:58,brainsaw,2x2x5,3,2.0,8.0,14.96,27.021,22.5776,1
brainsaw|2024/05/02 13:19:58,2024/05/02 13:19:58,brainsaw,2x2x5,4,1.0,8.0,9.92,20.489,25.8177,0
brainsaw|2024/05/08 11:01:30,2024/05/08 11:01:30,brainsaw,2x2x5,1,4.0,8.0,12.04,11.243,11.6729,0
neurovision|2024/05/10 13:31:01,2024/05/10 13:31:01,neurovision,2x2x5,1,1.0,10.0,10.8,12.777,14.7878,0
brainsaw|2024/05/13 13:16:05,2024/05/13 13:16:05,brainsaw,4x4x20,2,2.0,2.0,13.6,11.36,10.4409,1
brainsaw|2024/05/16 16:49:23,2024/05/16 16:49:23,brainsaw,2x2x5,4,4.0,8.0,12.88,38.014,36.8926,1
neurovision|2024/05/17 15:35:58,2024/05/17 15:35:58,neurovision,4x4x20,6,1.0,2.0,13.24,23.745,22.4181,1
brainsaw|2024/05/21 11:01:52,2024/05/21 11:01:52,brainsaw,4x4x20,1,1.0,2.0,13.68,8.99,8.2143,1
neurovision|2024/05/23 10:50:06,2024/05/23 10:50:06,neurovision,4x4x20,2,1.0,2.0,14.48,10.622,9.1693,1
brainsaw|2024/05/23 12:04:30,2024/05/23 12:04:30,brainsaw,2x2x5,3,2.0,10.0,13.15,18.249,17.3471,1
brainsaw|2024/05/24 11:36:28,2024/05/24 11:36:28,brainsaw,4x4x20,3,2.0,2.0,16.04,13.339,10.395,1
neurovision|2024/05/24 11:37:33,2024/05/24 11:37:33,neurovision,4x4x20,4,2.0,2.0,12.88,15.895,15.4263,1
brainsaw|2024/06/06 11:36:13,2024/06/06 11:36:13,brainsaw,4x4x20,4,1.0,2.0,12.8,14.56,14.2188,1
brainsaw|2024/06/12 12:00:34,2024/06/12 12:00:34,brainsaw,2x2x5,2,2.0,10.0,12.05,12.818,13.2967,0
brainsaw|2024/06/18 12:55:23,2024/06/18 12:55:23,brainsaw,4x4x20,3,2.0,2.0,15.04,14.38,11.9517,1
brainsaw|2024/06/24 11:44:29,2024/06/24 11:44:29,brainsaw,4x4x20,1,2.0,2.0,12.2,8.582,8.7935,0
brainsaw|2024/07/01 11:41:12,2024/07/01 11:41:12,brainsaw,2x2x5,3,1.0,10.0,12.45,13.504,13.5578,0
neurovision|2024/07/01 17:51:57,2024/07/01 17:51:57,neurovision,4x4x20,3,4.0,2.0,16.68,13.707,10.2718,1
neurovision|2024/07/08 17:47:13,2024/07/08 17:47:13,neurovision,2x2x5,1,2.0,8.0,14.88,16.361,13.7437,1
neurovision|2024/07/26 11:29:06,2024/07/26 11:29:06,neurovision,4x4x20,3,2.0,2.0,12.52,12.082,12.0629,1
brainsaw|2024/08/02 12:31:04,2024/08/02 12:31:04,brainsaw,2x2x5,2,4.0,8.0,14.4,23.155,20.1001,1
neurovision|2024/08/02 12:58:07,2024/08/02 12:58:07,neurovision,2x2x5,2,4.0,8.0,14.84,37.869,31.8974,1
brainsaw|2024/08/07 14:51:00,2024/08/07 14:51:00,brainsaw,2x2x5,1,1.0,8.0,11.2,9.343,10.4272,0
brainsaw|2024/08/08 14:12:45,2024/08/08 14:12:45,brainsaw,2x2x5,1,1.0,8.0,11.2,8.69,9.6987,0
neurovision|2024/08/09 12:50:47,2024/08/09 12:50:47,neurovision,2x2x5,4,4.0,8.0,12.96,32.998,31.8271,1
brainsaw|2024/08/12 14:12:58,2024/08/12 14:12:58,brainsaw,2x2x5,1,2.0,8.0,11.2,11.979,13.3696,0
brainsaw|2024/08/14 14:03:34,2024/08/14 14:03:34,brainsaw,2x2x5,1,1.0,8.0,11.2,9.969,11.1266,0
neurovision|2024/08/14 15:06:34,2024/08/14 15:06:34,neurovision,4x4x20,4,1.0,2.0,11.76,11.82,12.5641,0
brainsaw|2024/08/15 13:45:01,2024/08/15 13:45:01,brainsaw,2x2x5,1,1.0,8.0,11.2,9.994,11.1542,0
neurovision|2024/08/15 15:43:19,2024/08/15 15:43:19,neurovision,4x4x20,2,1.0,2.0,9.64,8.334,10.8068,0
brainsaw|2024/08/16 11:25:50,2024/08/16 11:25:50,brainsaw,4x4x20,5,1.0,2.0,17.72,19.18,13.5297,1
neurovision|2024/08/17 14:56:18,2024/08/17 14:56:18,neurovision,2x2x5,2,2.0,8.0,11.92,17.121,17.9536,0
neurovision|2024/08/18 16:02:40,2024/08/18 16:02:40,neurovision,4x4x20,4,1.0,2.0,12.72,12.049,11.8408,1
neurovision|2024/08/19 12:49:49,2024/08/19 12:49:49,neurovision,4x4x20,4,1.0,2.0,13.96,13.628,12.203,1
brainsaw|2024/08/20 11:42:33,2024/08/20 11:42:33,brainsaw,4x4x20,3,1.0,2.0,12.92,13.252,12.8214,1
brainsaw|2024/08/21 11:07:53,2024/08/21 11:07:53,brainsaw,4x4x20,2,1.0,2.0,12.32,9.243,9.3781,0
brainsaw|2024/08/22 12:43:58,2024/08/22 12:43:58,brainsaw,4x4x20,2,3.0,2.0,14.36,12.017,10.4602,1
brainsaw|2024/08/23 13:31:23,2024/08/23 13:31:23,brainsaw,4x4x20,4,3.0,2.0,12.8,15.947,15.5735,1
brainsaw|2024/08/27 12:12:35,2024/08/27 12:12:35,brainsaw,2x2x5,1,4.0,8.0,14.36,15.543,13.5293,1
neurovision|2024/08/27 12:15:45,2024/08/27 12:15:45,neurovision,2x2x5,1,4.0,8.0,14.6,16.499,14.1255,1
neurovision|2024/09/06 13:09:16,2024/09/06 13:09:16,neurovision,2x2x5,3,2.0,8.0,15.64,26.385,21.088,1
brainsaw|2024/09/17 11:57:07,2024/09/17 11:57:07,brainsaw,2x2x5,2,4.0,8.0,10.36,21.537,25.9857,0
neurovision|2024/09/18 11:34:38,2024/09/18 11:34:38,neurovision,4x4x20,2,1.0,2.0,13.0,5.693,5.4738,1
brainsaw|2024/09/22 10:32:52,2024/09/22 10:32:52,brainsaw,2x2x5,1,3.0,8.0,11.48,13.816,15.044,0
neurovision|2024/09/23 13:27:26,2024/09/23 13:27:26,neurovision,4x4x20,1,4.0,2.0,16.04,8.696,6.7767,1
neurovision|2024/09/24 14:23:34,2024/09/24 14:23:34,neurovision,2x2x5,3,2.0,8.0,14.84,19.738,16.626,1
neurovision|2024/09/25 10:34:26,2024/09/25 10:34:26,neurovision,4x4x20,1,1.0,2.0,12.28,7.583,7.7189,0
brainsaw|2024/09/30 11:25:53,2024/09/30 11:25:53,brainsaw,2x2x5,1,3.0,8.0,11.76,13.056,13.878,0
brainsaw|2024/10/01 10:37:55,2024/10/01 10:37:55,brainsaw,2x2x5,1,3.0,8.0,12.08,13.628,14.1016,0
neurovision|2024/10/01 17:40:13,2024/10/01 17:40:13,neurovision,2x2x5,1,2.0,8.0,12.52,9.961,9.9446,1
neurovision|2024/10/07 14:20:41,2024/10/07 14:20:41,neurovision,4x4x20,6,1.0,2.0,11.6,18.931,20.3996,0
brainsaw|2024/10/10 13:42:56,2024/10/10 13:42:56,brainsaw,2x2x5,2,1.0,8.0,11.2,13.934,15.5512,0
brainsaw|2024/10/11 14:09:20,2024/10/11 14:09:20,brainsaw,2x2x5,2,1.0,8.0,11.2,11.693,13.0503,0
brainsaw|2024/10/16 13:28:16,2024/10/16 13:28:16,brainsaw,4x4x20,1,4.0,2.0,13.2,10.061,9.5276,1
neurovision|2024/10/16 14:12:30,2024/10/16 14:12:30,neurovision,4x4x20,2,1.0,2.0,13.36,11.189,10.4684,1
brainsaw|2024/10/22 14:44:58,2024/10/22 14:44:58,brainsaw,2x2x5,1,2.0,8.0,13.04,14.552,13.9496,1
neurovision|2024/10/22 14:50:30,2024/10/22 14:50:30,neurovision,2x2x5,1,2.0,8.0,12.0,14.675,15.2862,0
neurovision|2024/10/25 12:42:01,2024/10/25 12:42:01,neurovision,4x4x20,3,2.0,2.0,13.32,23.407,21.9665,1
neurovision|2024/10/26 16:53:00,2024/10/26 16:53:00,neurovision,2x2x5,4,2.0,8.0,14.84,60.956,51.3447,1
neurovision|2024/10/30 16:53:30,2024/10/30 16:53:30,neurovision,4x4x20,1,1.0,2.0,16.2,8.767,6.7646,1
brainsaw|2024/10/31 10:12:28,2024/10/31 10:12:28,brainsaw,2x2x5,1,3.0,8.0,12.08,13.368,13.8331,0
neurovision|2024/11/02 15:54:33,2024/11/02 15:54:33,neurovision,2x2x5,3,2.0,8.0,13.64,25.259,23.1478,1
neurovision|2024/11/05 17:47:31,2024/11/05 17:47:31,neurovision,4x4x20,1,4.0,2.0,15.48,8.743,7.06,1
neurovision|2024/11/07 10:55:50,2024/11/07 10:55:50,neurovision,4x4x20,6,1.0,2.0,12.84,19.146,18.6391,1
neurovision|2024/11/08 18:30:15,2024/11/08 18:30:15,neurovision,4x4x20,1,2.0,2.0,14.56,8.563,7.3513,1
neurovision|2024/11/09 17:07:44,2024/11/09 17:07:44,neurovision,2x2x5,3,2.0,8.0,13.4,28.654,26.7299,1
brainsaw|2024/11/11 11:16:23,2024/11/11 11:16:23,brainsaw,2x2x5,1,3.0,8.0,11.56,12.639,13.6672,0
neurovision|2024/11/14 15:59:57,2024/11/14 15:59:57,neurovision,2x2x5,1,2.0,8.0,13.04,11.992,11.4951,1
neurovision|2024/11/19 17:29:28,2024/11/19 17:29:28,neurovision,4x4x20,1,4.0,2.0,13.56,8.52,7.854,1
brainsaw|2024/11/20 17:52:32,2024/11/20 17:52:32,brainsaw,4x4x20,6,1.0,2.0,9.6,20.461,26.6417,0
neurovision|2024/11/22 11:46:21,2024/11/22 11:46:21,neurovision,4x4x20,6,1.0,2.0,13.36,20.215,18.9135,1
brainsaw|2024/11/23 15:11:22,2024/11/23 15:11:22,brainsaw,2x2x5,1,1.0,8.0,11.52,9.397,10.1966,0
neurovision|2024/11/26 17:26:52,2024/11/26 17:26:52,neurovision,4x4x20,3,2.0,2.0,15.36,11.957,9.7308,1
brainsaw|2024/11/29 10:48:45,2024/11/29 10:48:45,brainsaw,4x4x20,2,1.0,2.0,12.44,11.231,11.2853,0
neurovision|2024/12/02 10:11:17,2024/12/02 10:11:17,neurovision,4x4x20,1,1.0,2.0,9.52,5.175,6.7949,0
neurovision|2024/12/06 12:05:25,2024/12/06 12:05:25,neurovision,4x4x20,2,4.0,2.0,9.68,8.766,11.3195,0
brainsaw|2024/12/06 12:20:06,2024/12/06 12:20:06,brainsaw,2x2x5,1,4.0,8.0,13.64,16.736,15.3376,1
neurovision|2024/12/10 13:26:50,2024/12/10 13:26:50,neurovision,2x2x5,1,2.0,8.0,15.56,12.405,9.9657,1
neurovision|2024/12/12 13:49:30,2024/12/12 13:49:30,neurovision,4x4x20,4,1.0,2.0,13.64,12.967,11.8832,1
brainsaw|2024/12/15 19:34:47,2024/12/15 19:34:47,brainsaw,4x4x20,1,1.0,2.0,13.36,8.805,8.2379,1
brainsaw|2025/01/11 14:45:04,2025/01/11 14:45:04,brainsaw,2x2x5,2,1.0,8.0,10.0,10.383,12.9781,0
neurovision|2025/01/21 13:02:33,2025/01/21 13:02:33,neurovision,2x2x5,2,2.0,8.0,14.36,18.442,16.0537,1
brainsaw|2025/01/24 13:07:06,2025/01/24 13:07:06,brainsaw,4x4x20,2,4.0,2.0,11.44,12.528,13.6889,0
neurovision|2025/01/30 10:27:52,2025/01/30 10:27:52,neurovision,2x2x5,2,4.0,8.0,10.0,23.341,29.176,0
brainsaw|2025/01/31 11:50:23,2025/01/31 11:50:23,brainsaw,4x4x20,2,1.0,2.0,12.32,10.237,10.3862,0
brainsaw|2025/02/05 10:56:51,2025/02/05 10:56:51,brainsaw,4x4x20,1,2.0,2.0,11.84,9.122,9.6304,0
neurovision|2025/02/06 10:39:58,2025/02/06 10:39:58,neurovision,4x4x20,1,2.0,2.0,11.6,7.746,8.3471,0
brainsaw|2025/02/10 11:33:07,2025/02/10 11:33:07,brainsaw,4x4x20,1,4.0,2.0,12.92,10.268,9.9337,1
neurovision|2025/02/12 12:59:23,2025/02/12 12:59:23,neurovision,4x4x20,2,1.0,2.0,13.88,9.682,8.7198,1
brainsaw|2025/02/13 13:25:21,2025/02/13 13:25:21,brainsaw,2x2x5,1,1.0,8.0,11.2,8.213,9.1657,0
neurovision|2025/02/14 17:38:53,2025/02/14 17:38:53,neurovision,4x4x20,1,4.0,2.0,15.16,8.928,7.3617,1
neurovision|2025/02/20 14:37:47,2025/02/20 14:37:47,neurovision,4x4x20,2,1.0,2.0,14.0,9.46,8.4467,1
neurovision|2025/02/28 17:06:45,2025/02/28 17:06:45,neurovision,4x4x20,1,8.0,2.0,14.88,11.446,9.6149,1
neurovision|2025/03/04 15:37:09,2025/03/04 15:37:09,neurovision,2x2x5,1,4.0,8.0,14.76,19.773,16.7455,1
brainsaw|2025/03/05 11:49:51,2025/03/05 11:49:51,brainsaw,4x4x20,1,2.0,2.0,12.36,10.003,10.1164,0
neurovision|2025/03/06 11:18:39,2025/03/06 11:18:39,neurovision,4x4x20,1,2.0,2.0,12.24,7.759,7.9243,0
neurovision|2025/03/11 15:47:51,2025/03/11 15:47:51,neurovision,2x2x5,1,4.0,8.0,14.12,18.026,15.958,1
brainsaw|2025/03/13 13:49:12,2025/03/13 13:49:12,brainsaw,2x2x5,1,1.0,10.0,13.2,7.314,6.926,1
neurovision|2025/03/14 12:34:00,2025/03/14 12:34:00,neurovision,4x4x20,3,8.0,2.0,15.24,19.413,15.923,1
brainsaw|2025/03/14 13:55:28,2025/03/14 13:55:28,brainsaw,4x4x20,4,2.0,2.0,15.0,33.509,27.9243,1
brainsaw|2025/03/18 13:51:46,2025/03/18 13:51:46,brainsaw,2x2x5,1,1.0,8.0,11.2,8.703,9.7135,0
neurovision|2025/03/19 11:07:45,2025/03/19 11:07:45,neurovision,4x4x20,2,2.0,2.0,14.2,11.414,10.0477,1
neurovision|2025/03/21 12:33:33,2025/03/21 12:33:33,neurovision,4x4x20,1,4.0,2.0,13.36,9.452,8.8438,1
brainsaw|2025/03/25 11:36:08,2025/03/25 11:36:08,brainsaw,4x4x20,1,4.0,2.0,13.68,10.172,9.2943,1
brainsaw|2025/03/26 16:48:46,2025/03/26 16:48:46,brainsaw,2x2x5,1,4.0,8.0,14.04,16.157,14.385,1
brainsaw|2025/03/28 11:34:07,2025/03/28 11:34:07,brainsaw,4x4x20,3,1.0,2.0,14.0,14.684,13.1111,1
neurovision|2025/04/03 16:11:41,2025/04/03 16:11:41,neurovision,2x2x5,1,4.0,8.0,13.44,17.134,15.9358,1
brainsaw|2025/04/03 16:22:22,2025/04/03 16:22:22,brainsaw,2x2x5,1,4.0,8.0,12.4,17.244,17.3827,0
brainsaw|2025/04/07 14:15:29,2025/04/07 14:15:29,brainsaw,2x2x5,1,4.0,8.0,11.24,16.024,17.8199,0
brainsaw|2025/04/13 15:12:44,2025/04/13 15:12:44,brainsaw,2x2x5,1,4.0,8.0,14.12,42.251,37.4039,1
neurovision|2025/04/14 10:53:32,2025/04/14 10:53:32,neurovision,2x2x5,2,4.0,8.0,14.8,32.516,27.4627,1
neurovision|2025/04/17 17:24:05,2025/04/17 17:24:05,neurovision,4x4x20,3,4.0,2.0,15.08,11.917,9.8779,1
brainsaw|2025/04/26 11:26:04,2025/04/26 11:26:04,brainsaw,4x4x20,2,10.0,2.0,14.32,12.602,11.0008,1
neurovision|2025/04/28 11:14:23,2025/04/28 11:14:23,neurovision,2x2x5,2,2.0,8.0,12.96,18.789,18.1225,1
brainsaw|2025/04/28 16:37:19,2025/04/28 16:37:19,brainsaw,2x2x5,1,4.0,8.0,13.12,16.74,15.9489,1
neurovision|2025/04/29 09:36:48,2025/04/29 09:36:48,neurovision,4x4x20,4,4.0,2.0,13.76,28.988,26.3339,1
neurovision|2025/04/30 16:22:42,2025/04/30 16:22:42,neurovision,4x4x20,3,4.0,2.0,13.2,16.264,15.4019,1
neurovision|2025/05/01 12:43:06,2025/05/01 12:43:06,neurovision,2x2x5,1,4.0,8.0,14.24,17.588,15.439,1
brainsaw|2025/05/02 16:33:08,2025/05/02 16:33:08,brainsaw,2x2x5,1,4.0,8.0,13.92,16.124,14.4791,1
neurovision|2025/05/06 11:27:54,2025/05/06 11:27:54,neurovision,4x4x20,3,4.0,2.0,11.68,15.5,16.5885,0
brainsaw|2025/05/08 17:57:40,2025/05/08 17:57:40,brainsaw,2x2x5,1,4.0,8.0,13.2,17.089,16.1824,1
neurovision|2025/05/09 16:01:23,2025/05/09 16:01:23,neurovision,2x2x5,4,2.0,8.0,12.72,31.176,30.6369,1
brainsaw|2025/05/09 17:22:07,2025/05/09 17:22:07,brainsaw,2x2x5,1,4.0,8.0,14.12,17.247,15.2687,1
neurovision|2025/05/12 17:10:16,2025/05/12 17:10:16,neurovision,2x2x5,1,4.0,8.0,13.96,19.227,17.2161,1
neurovision|2025/05/14 18:00:48,2025/05/14 18:00:48,neurovision,4x4x20,4,1.0,2.0,13.48,14.519,13.4634,1
brainsaw|2025/05/14 18:14:34,2025/05/14 18:14:34,brainsaw,4x4x20,4,1.0,2.0,13.48,15.85,14.6977,1
neurovision|2025/05/15 13:46:00,2025/05/15 13:46:00,neurovision,2x2x5,4,1.0,8.0,13.48,22.473,20.8393,1
neurovision|2025/05/16 15:51:19,2025/05/16 15:51:19,neurovision,2x2x5,4,1.0,8.0,12.52,21.236,21.2022,1
neurovision|2025/05/17 20:09:15,2025/05/17 20:09:15,neurovision,2x2x5,3,2.0,8.0,12.28,24.794,25.2386,0
neurovision|2025/05/19 14:44:10,2025/05/19 14:44:10,neurovision,4x4x20,5,2.0,2.0,11.64,16.626,17.8545,0
brainsaw|2025/05/22 12:20:50,2025/05/22 12:20:50,brainsaw,2x2x5,4,2.0,10.0,11.1,23.829,26.8343,0
neurovision|2025/05/23 10:35:23,2025/05/23 10:35:23,neurovision,2x2x5,4,2.0,8.0,11.76,29.074,30.9031,0
brainsaw|2025/05/26 13:00:12,2025/05/26 13:00:12,brainsaw,2x2x5,2,1.0,10.0,11.05,9.561,10.8154,0
brainsaw|2025/05/28 10:31:59,2025/05/28 10:31:59,brainsaw,2x2x5,4,1.0,10.0,11.0,18.911,21.4896,0
neurovision|2025/05/29 12:05:11,2025/05/29 12:05:11,neurovision,2x2x5,1,10.0,8.0,9.68,14.369,18.5556,0
brainsaw|2025/06/02 11:26:41,2025/06/02 11:26:41,brainsaw,2x2x5,2,1.0,10.0,10.3,8.804,10.684,0
brainsaw|2025/06/03 12:54:05,2025/06/03 12:54:05,brainsaw,2x2x5,1,4.0,8.0,13.56,17.668,16.2867,1
neurovision|2025/06/03 15:06:38,2025/06/03 15:06:38,neurovision,4x4x20,3,4.0,2.0,15.36,13.482,10.9716,1
brainsaw|2025/06/04 16:46:43,2025/06/04 16:46:43,brainsaw,2x2x5,1,4.0,8.0,13.52,18.789,17.3716,1
brainsaw|2025/06/09 12:18:22,2025/06/09 12:18:22,brainsaw,2x2x5,1,2.0,8.0,12.24,13.347,13.6307,0
neurovision|2025/06/17 11:49:07,2025/06/17 11:49:07,neurovision,4x4x20,6,10.0,2.0,11.84,25.838,27.2781,0
brainsaw|2025/06/17 12:29:28,2025/06/17 12:29:28,brainsaw,4x4x20,2,4.0,2.0,12.04,11.983,12.4412,0
brainsaw|2025/06/25 13:58:01,2025/06/25 13:58:01,brainsaw,2x2x5,1,3.0,8.0,11.6,13.274,14.3038,0
brainsaw|2025/06/26 11:41:28,2025/06/26 11:41:28,brainsaw,4x4x20,2,1.0,2.0,11.2,11.193,12.4916,0
neurovision|2025/06/26 12:57:03,2025/06/26 12:57:03,neurovision,4x4x20,1,4.0,2.0,15.04,8.845,7.351,1
brainsaw|2025/07/02 16:16:03,2025/07/02 16:16:03,brainsaw,4x4x20,4,1.0,2.0,14.16,16.77,14.8038,1
neurovision|2025/07/03 16:34:51,2025/07/03 16:34:51,neurovision,2x2x5,1,4.0,8.0,13.48,21.323,19.7726,1
brainsaw|2025/07/03 16:55:11,2025/07/03 16:55:11,brainsaw,2x2x5,1,4.0,8.0,13.0,16.93,16.2786,1
neurovision|2025/07/04 14:50:33,2025/07/04 14:50:33,neurovision,2x2x5,1,4.0,8.0,13.6,18.702,17.1895,1
neurovision|2025/07/07 14:55:34,2025/07/07 14:55:34,neurovision,4x4x20,3,1.0,2.0,13.92,15.119,13.5766,1
brainsaw|2025/07/07 14:57:16,2025/07/07 14:57:16,brainsaw,4x4x20,1,1.0,2.0,12.76,8.348,8.178,1
brainsaw|2025/07/08 14:25:13,2025/07/08 14:25:13,brainsaw,4x4x20,2,1.0,2.0,11.2,9.443,10.5385,0
neurovision|2025/07/09 11:36:36,2025/07/09 11:36:36,neurovision,4x4x20,4,4.0,2.0,12.56,17.157,17.0755,1
brainsaw|2025/07/09 11:43:38,2025/07/09 11:43:38,brainsaw,4x4x20,3,4.0,2.0,13.16,18.523,17.5938,1
brainsaw|2025/07/10 12:21:14,2025/07/10 12:21:14,brainsaw,4x4x20,5,4.0,2.0,13.64,34.603,31.7108,1
neurovision|2025/07/11 12:30:39,2025/07/11 12:30:39,neurovision,4x4x20,2,1.0,2.0,11.6,9.269,9.9877,0
neurovision|2025/07/14 11:52:19,2025/07/14 11:52:19,neurovision,4x4x20,2,1.0,2.0,12.92,8.694,8.411,1
brainsaw|2025/07/14 13:10:36,2025/07/14 13:10:36,brainsaw,4x4x20,2,4.0,2.0,12.12,11.391,11.748,0
brainsaw|2025/07/15 11:23:13,2025/07/15 11:23:13,brainsaw,4x4x20,4,1.0,2.0,13.44,14.62,13.5977,1
brainsaw|2025/07/18 11:14:54,2025/07/18 11:14:54,brainsaw,2x2x5,2,1.0,8.0,9.64,10.404,13.4905,0
neurovision|2025/07/29 13:12:16,2025/07/29 13:12:16,neurovision,2x2x5,1,2.0,8.0,10.4,9.689,11.6453,0
brainsaw|2025/07/29 13:20:55,2025/07/29 13:20:55,brainsaw,4x4x20,5,1.0,2.0,10.0,24.105,30.1312,0
neurovision|2025/07/30 12:08:29,2025/07/30 12:08:29,neurovision,4x4x20,3,1.0,2.0,14.48,13.181,11.3782,1
brainsaw|2025/07/31 14:11:39,2025/07/31 14:11:39,brainsaw,2x2x5,2,2.0,8.0,9.6,11.814,15.3827,0
neurovision|2025/08/07 15:34:24,2025/08/07 15:34:24,neurovision,2x2x5,1,4.0,8.0,12.56,20.921,20.8214,1
neurovision|2025/08/08 18:31:06,2025/08/08 18:31:06,neurovision,2x2x5,1,4.0,8.0,13.92,22.204,19.9386,1
brainsaw|2025/08/08 18:35:45,2025/08/08 18:35:45,brainsaw,2x2x5,1,4.0,8.0,13.28,21.015,19.7807,1
neurovision|2025/08/11 14:25:57,2025/08/11 14:25:57,neurovision,2x2x5,1,4.0,8.0,12.84,17.383,16.9228,1
brainsaw|2025/08/11 14:29:37,2025/08/11 14:29:37,brainsaw,2x2x5,1,4.0,8.0,13.0,15.135,14.5526,1
brainsaw|2025/08/12 11:38:49,2025/08/12 11:38:49,brainsaw,4x4x20,2,2.0,2.0,12.52,21.971,21.9355,1
neurovision|2025/08/14 14:30:11,2025/08/14 14:30:11,neurovision,4x4x20,3,4.0,2.0,14.92,13.302,11.1444,1
brainsaw|2025/08/14 15:12:17,2025/08/14 15:12:17,brainsaw,2x2x5,1,4.0,8.0,13.04,15.1,14.475,1
neurovision|2025/08/15 12:51:17,2025/08/15 12:51:17,neurovision,2x2x5,1,4.0,8.0,13.24,17.395,16.4228,1
brainsaw|2025/08/15 12:59:38,2025/08/15 12:59:38,brainsaw,2x2x5,1,4.0,8.0,13.52,15.521,14.3499,1
neurovision|2025/08/18 14:43:18,2025/08/18 14:43:18,neurovision,2x2x5,1,4.0,8.0,12.8,15.561,15.1967,1
neurovision|2025/08/21 10:43:05,2025/08/21 10:43:05,neurovision,4x4x20,2,2.0,2.0,13.72,9.932,9.0485,1
brainsaw|2025/08/27 11:39:07,2025/08/27 11:39:07,brainsaw,2x2x5,2,2.0,8.0,12.16,16.461,16.9211,0
brainsaw|2025/08/28 11:27:13,2025/08/28 11:27:13,brainsaw,4x4x20,4,1.0,2.0,12.84,15.758,15.3411,1
neurovision|2025/09/03 13:44:34,2025/09/03 13:44:34,neurovision,4x4x20,3,2.0,2.0,15.32,11.287,9.2095,1
neurovision|2025/09/04 14:25:26,2025/09/04 14:25:26,neurovision,4x4x20,2,3.0,2.0,13.32,10.505,9.8583,1
neurovision|2025/09/05 11:08:04,2025/09/05 11:08:04,neurovision,4x4x20,1,2.0,2.0,12.92,9.359,9.0552,1
brainsaw|2025/09/08 14:49:43,2025/09/08 14:49:43,brainsaw,2x2x5,1,4.0,8.0,13.92,14.799,13.289,1
brainsaw|2025/09/09 12:00:07,2025/09/09 12:00:07,brainsaw,2x2x5,1,4.0,8.0,14.24,14.825,13.0133,1
neurovision|2025/09/09 12:07:10,2025/09/09 12:07:10,neurovision,2x2x5,1,4.0,8.0,13.68,18.032,16.4768,1
neurovision|2025/09/11 15:52:30,2025/09/11 15:52:30,neurovision,4x4x20,4,10.0,2.0,12.16,16.698,17.1649,0
neurovision|2025/09/19 11:10:01,2025/09/19 11:10:01,neurovision,4x4x20,3,4.0,2.0,13.48,15.325,14.2109,1
brainsaw|2025/09/21 14:52:24,2025/09/21 14:52:24,brainsaw,2x2x5,1,1.0,8.0,10.92,8.27,9.4663,0
brainsaw|2025/09/22 10:55:22,2025/09/22 10:55:22,brainsaw,4x4x20,1,1.0,2.0,12.88,8.899,8.6361,1
neurovision|2025/09/23 10:55:42,2025/09/23 10:55:42,neurovision,4x4x20,2,2.0,2.0,13.8,10.78,9.7647,1
brainsaw|2025/09/24 14:37:14,2025/09/24 14:37:14,brainsaw,2x2x5,2,2.0,8.0,12.8,12.926,12.6226,1
brainsaw|2025/09/25 15:29:27,2025/09/25 15:29:27,brainsaw,2x2x5,2,2.0,8.0,13.6,12.586,11.5684,1
brainsaw|2025/09/26 16:00:14,2025/09/26 16:00:14,brainsaw,4x4x20,3,1.0,2.0,11.2,8.363,9.3338,0
neurovision|2025/09/29 11:26:24,2025/09/29 11:26:24,neurovision,4x4x20,3,2.0,2.0,13.2,12.768,12.0907,1
brainsaw|2025/10/01 16:16:27,2025/10/01 16:16:27,brainsaw,2x2x5,1,2.0,8.0,13.76,10.104,9.1789,1
neurovision|2025/10/02 09:56:35,2025/10/02 09:56:35,neurovision,4x4x20,4,4.0,2.0,12.16,17.492,17.981,0
brainsaw|2025/10/02 14:51:43,2025/10/02 14:51:43,brainsaw,2x2x5,1,2.0,8.0,14.0,10.112,9.0285,1
brainsaw|2025/10/07 10:35:12,2025/10/07 10:35:12,brainsaw,4x4x20,2,4.0,2.0,13.28,18.018,16.96,1
brainsaw|2025/10/08 14:31:31,2025/10/08 14:31:31,brainsaw,2x2x5,2,2.0,8.0,14.0,14.319,12.785,1
neurovision|2025/10/09 10:58:15,2025/10/09 10:58:15,neurovision,4x4x20,5,1.0,2.0,12.8,15.769,15.3996,1
brainsaw|2025/10/09 14:58:50,2025/10/09 14:58:50,brainsaw,2x2x5,2,2.0,8.0,14.6,14.501,12.4149,1
brainsaw|2025/10/10 14:48:35,2025/10/10 14:48:35,brainsaw,2x2x5,2,2.0,8.0,13.92,15.387,13.8171,1
brainsaw|2025/10/13 14:27:13,2025/10/13 14:27:13,brainsaw,4x4x20,1,2.0,2.0,11.52,8.866,9.6206,0
brainsaw|2025/10/15 11:44:32,2025/10/15 11:44:32,brainsaw,4x4x20,2,4.0,2.0,12.04,13.025,13.5223,0
neurovision|2025/10/15 12:08:44,2025/10/15 12:08:44,neurovision,4x4x20,1,1.0,2.0,13.36,8.236,7.7059,1
brainsaw|2025/10/17 11:49:10,2025/10/17 11:49:10,brainsaw,2x2x5,1,1.0,8.0,12.08,10.606,10.9752,0
neurovision|2025/10/24 11:35:12,2025/10/24 11:35:12,neurovision,4x4x20,2,4.0,2.0,12.44,11.391,11.4455,0
neurovision|2025/10/27 10:46:20,2025/10/27 10:46:20,neurovision,4x4x20,3,3.0,2.0,15.16,15.023,12.3871,1
neurovision|2025/10/29 11:38:18,2025/10/29 11:38:18,neurovision,4x4x20,3,1.0,2.0,10.0,9.589,11.9858,0
neurovision|2025/11/03 09:34:50,2025/11/03 09:34:50,neurovision,2x2x5,2,1.0,8.0,11.2,11.743,13.1058,0
neurovision|2025/11/05 09:25:14,2025/11/05 09:25:14,neurovision,2x2x5,2,2.0,8.0,11.2,16.975,18.9453,0
brainsaw|2025/11/05 12:12:25,2025/11/05 12:12:25,brainsaw,4x4x20,1,1.0,2.0,13.44,9.898,9.2058,1
neurovision|2025/11/06 09:30:35,2025/11/06 09:30:35,neurovision,2x2x5,2,2.0,8.0,11.2,18.085,20.1845,0
neurovision|2025/11/09 11:03:13,2025/11/09 11:03:13,neurovision,2x2x5,2,2.0,8.0,11.2,17.417,19.4382,0
neurovision|2025/11/10 09:25:29,2025/11/10 09:25:29,neurovision,2x2x5,2,2.0,8.0,11.2,17.651,19.6996,0
neurovision|2025/11/12 09:24:26,2025/11/12 09:24:26,neurovision,2x2x5,1,2.0,8.0,11.2,12.041,13.4387,0
neurovision|2025/11/19 09:30:36,2025/11/19 09:30:36,neurovision,2x2x5,2,2.0,8.0,11.2,16.798,18.7481,0
neurovision|2025/11/20 09:45:39,2025/11/20 09:45:39,neurovision,2x2x5,2,2.0,8.0,11.2,17.204,19.2008,0
neurovision|2025/11/21 09:53:12,2025/11/21 09:53:12,neurovision,2x2x5,2,2.0,8.0,11.2,17.308,19.3173,0
brainsaw|2025/11/25 11:34:22,2025/11/25 11:34:22,brainsaw,4x4x20,1,2.0,2.0,11.16,8.376,9.3818,0
neurovision|2025/11/26 09:29:01,2025/11/26 09:29:01,neurovision,2x2x5,2,2.0,8.0,11.2,16.354,18.2524,0
brainsaw|2025/11/26 12:47:33,2025/11/26 12:47:33,brainsaw,2x2x5,2,1.0,8.0,12.4,17.488,17.6285,0
neurovision|2025/11/27 09:38:09,2025/11/27 09:38:09,neurovision,2x2x5,2,2.0,8.0,11.2,16.419,18.3253,0
brainsaw|2025/12/03 11:56:28,2025/12/03 11:56:28,brainsaw,4x4x20,1,1.0,2.0,11.52,9.284,10.0737,0
neurovision|2025/12/04 09:19:44,2025/12/04 09:19:44,neurovision,2x2x5,2,2.0,8.0,11.2,16.437,18.3448,0
neurovision|2025/12/06 08:42:18,2025/12/06 08:42:18,neurovision,2x2x5,2,2.0,8.0,11.2,17.582,19.6224,0
neurovision|2025/12/07 08:45:33,2025/12/07 08:45:33,neurovision,2x2x5,2,2.0,8.0,11.2,16.806,18.7571,0
neurovision|2025/12/10 12:09:54,2025/12/10 12:09:54,neurovision,4x4x20,1,1.0,2.0,13.0,7.353,7.0705,1
brainsaw|2025/12/12 09:22:01,2025/12/12 09:22:01,brainsaw,2x2x5,2,2.0,8.0,12.44,15.407,15.4815,0
brainsaw|2025/12/13 09:25:55,2025/12/13 09:25:55,brainsaw,2x2x5,2,2.0,8.0,11.2,15.121,16.8759,0
neurovision|2025/12/13 09:26:47,2025/12/13 09:26:47,neurovision,2x2x5,2,2.0,8.0,11.2,16.256,18.1427,0
neurovision|2025/12/15 14:37:06,2025/12/15 14:37:06,neurovision,2x2x5,4,1.0,8.0,12.8,22.039,21.5224,1
brainsaw|2025/12/15 14:55:34,2025/12/15 14:55:34,brainsaw,2x2x5,4,2.0,8.0,13.0,29.208,28.0844,1
neurovision|2025/12/16 15:51:43,2025/12/16 15:51:43,neurovision,4x4x20,3,4.0,2.0,14.68,12.903,10.9869,1
neurovision|2025/12/18 14:18:11,2025/12/18 14:18:11,neurovision,2x2x5,4,2.0,8.0,12.0,30.163,31.4196,0
neurovision|2026/01/07 16:11:52,2026/01/07 16:11:52,neurovision,2x2x5,1,1.0,8.0,12.28,11.202,11.4024,0
neurovision|2026/01/09 09:19:56,2026/01/09 09:19:56,neurovision,2x2x5,2,2.0,8.0,11.2,15.696,17.5177,0
brainsaw|2026/01/09 13:58:02,2026/01/09 13:58:02,brainsaw,2x2x5,3,2.0,8.0,12.24,20.728,21.1684,0
neurovision|2026/01/10 12:04:24,2026/01/10 12:04:24,neurovision,2x2x5,2,2.0,8.0,11.2,16.204,18.085,0
neurovision|2026/01/12 09:12:12,2026/01/12 09:12:12,neurovision,2x2x5,2,2.0,8.0,11.2,16.446,18.3544,0
brainsaw|2026/01/19 15:27:45,2026/01/19 15:27:45,brainsaw,4x4x20,2,2.0,2.0,11.68,12.126,12.9777,0
neurovision|2026/01/20 10:58:01,2026/01/20 10:58:01,neurovision,4x4x20,4,2.0,2.0,12.68,17.012,16.7702,1
brainsaw|2026/01/21 16:41:56,2026/01/21 16:41:56,brainsaw,4x4x20,6,1.0,2.0,11.68,19.822,21.2135,0
neurovision|2026/01/23 15:41:31,2026/01/23 15:41:31,neurovision,4x4x20,1,1.0,2.0,11.48,6.11,6.6532,0
neurovision|2026/01/28 17:00:49,2026/01/28 17:00:49,neurovision,4x4x20,2,1.0,2.0,12.0,8.082,8.4193,0
neurovision|2026/01/30 11:30:32,2026/01/30 11:30:32,neurovision,4x4x20,4,4.0,2.0,12.84,18.361,17.8746,1
neurovision|2026/01/31 19:12:51,2026/01/31 19:12:51,neurovision,4x4x20,3,4.0,2.0,11.76,15.926,16.9286,0
neurovision|2026/02/06 15:32:17,2026/02/06 15:32:17,neurovision,4x4x20,1,2.0,2.0,13.08,8.838,8.4459,1
neurovision|2026/02/07 16:59:20,2026/02/07 16:59:20,neurovision,2x2x5,4,1.0,8.0,12.64,20.296,20.071,1
neurovision|2026/02/09 11:39:18,2026/02/09 11:39:18,neurovision,4x4x20,2,3.0,2.0,13.68,11.922,10.8938,1
neurovision|2026/02/10 15:37:11,2026/02/10 15:37:11,neurovision,4x4x20,4,1.0,2.0,11.2,13.087,14.6057,0
brainsaw|2026/02/20 12:46:32,2026/02/20 12:46:32,brainsaw,4x4x20,2,1.0,2.0,10.12,8.68,10.721,0
brainsaw|2026/02/26 09:08:51,2026/02/26 09:08:51,brainsaw,2x2x5,2,2.0,8.0,12.04,12.869,13.3611,0
brainsaw|2026/02/27 14:48:30,2026/02/27 14:48:30,brainsaw,4x4x20,2,2.0,2.0,13.2,11.569,10.9559,1
brainsaw|2026/03/01 18:40:18,2026/03/01 18:40:18,brainsaw,4x4x20,4,2.0,2.0,10.28,15.635,19.0118,0
brainsaw|2026/03/05 11:23:44,2026/03/05 11:23:44,brainsaw,2x2x5,3,1.0,8.0,11.08,21.913,24.7214,0
brainsaw|2026/03/10 15:01:13,2026/03/10 15:01:13,brainsaw,2x2x5,4,1.0,8.0,10.84,16.021,18.4739,0
brainsaw|2026/03/11 11:05:08,2026/03/11 11:05:08,brainsaw,2x2x5,4,1.0,8.0,10.44,15.273,18.2867,0
brainsaw|2026/03/21 15:23:35,2026/03/21 15:23:35,brainsaw,4x4x20,4,4.0,2.0,12.68,15.645,15.4226,1
brainsaw|2026/03/28 17:12:37,2026/03/28 17:12:37,brainsaw,2x2x5,2,2.0,8.0,13.04,16.332,15.6556,1
brainsaw|2026/04/01 14:41:31,2026/04/01 14:41:31,brainsaw,2x2x5,1,2.0,8.0,11.36,10.476,11.5271,0
brainsaw|2026/04/03 12:05:37,2026/04/03 12:05:37,brainsaw,2x2x5,4,1.0,8.0,12.04,18.083,18.7742,0
brainsaw|2026/04/08 11:55:24,2026/04/08 11:55:24,brainsaw,2x2x5,2,2.0,8.0,12.0,14.735,15.3492,0
neurovision|2026/04/08 12:16:27,2026/04/08 12:16:27,neurovision,2x2x5,1,1.0,8.0,11.08,7.768,8.763,0
neurovision|2026/04/16 16:59:28,2026/04/16 16:59:28,neurovision,4x4x20,4,1.0,2.0,12.0,13.329,13.8846,0
brainsaw|2026/04/17 14:31:40,2026/04/17 14:31:40,brainsaw,2x2x5,2,1.0,8.0,10.84,12.352,14.2438,0
neurovision|2026/04/21 11:23:52,2026/04/21 11:23:52,neurovision,4x4x20,1,4.0,2.0,12.56,9.611,9.5649,1
brainsaw|2026/04/21 13:31:34,2026/04/21 13:31:34,brainsaw,4x4x20,4,4.0,2.0,11.36,16.761,18.4428,0
neurovision|2026/04/28 11:07:15,2026/04/28 11:07:15,neurovision,4x4x20,1,4.0,2.0,12.84,9.754,9.4961,1
brainsaw|2026/04/28 12:42:31,2026/04/28 12:42:31,brainsaw,2x2x5,1,1.0,8.0,11.28,8.21,9.0983,0
neurovision|2026/04/29 11:24:02,2026/04/29 11:24:02,neurovision,4x4x20,4,4.0,2.0,13.4,19.577,18.2621,1
neurovision|2026/04/30 13:04:25,2026/04/30 13:04:25,neurovision,4x4x20,4,2.0,2.0,12.48,21.555,21.5893,0
brainsaw|2026/04/30 14:24:49,2026/04/30 14:24:49,brainsaw,2x2x5,1,1.0,8.0,11.56,7.645,8.2667,0
neurovision|2026/05/05 15:54:28,2026/05/05 15:54:28,neurovision,4x4x20,2,1.0,2.0,12.0,9.177,9.5596,0
neurovision|2026/05/08 14:43:17,2026/05/08 14:43:17,neurovision,4x4x20,1,3.0,2.0,12.8,8.292,8.0973,1
neurovision|2026/05/09 14:05:40,2026/05/09 14:05:40,neurovision,4x4x20,2,4.0,2.0,11.96,11.094,11.5945,0
neurovision|2026/05/15 14:53:51,2026/05/15 14:53:51,neurovision,4x4x20,3,4.0,2.0,11.48,16.429,17.8886,0
neurovision|2026/05/17 14:27:27,2026/05/17 14:27:27,neurovision,4x4x20,1,4.0,2.0,11.76,8.632,9.1748,0
neurovision|2026/05/20 11:47:47,2026/05/20 11:47:47,neurovision,4x4x20,1,4.0,2.0,12.12,10.145,10.4628,0
neurovision|2026/05/21 11:16:45,2026/05/21 11:16:45,neurovision,4x4x20,2,4.0,2.0,11.28,14.039,15.5576,0
neurovision|2026/05/26 10:49:43,2026/05/26 10:49:43,neurovision,4x4x20,1,4.0,2.0,9.72,7.291,9.3757,0
brainsaw|2026/05/26 11:25:58,2026/05/26 11:25:58,brainsaw,4x4x20,4,2.0,2.0,12.32,16.512,16.7529,0
brainsaw|2026/05/29 14:27:45,2026/05/29 14:27:45,brainsaw,2x2x5,1,1.0,8.0,9.88,5.913,7.4807,0
brainsaw|2026/06/04 17:07:44,2026/06/04 17:07:44,brainsaw,4x4x20,3,2.0,2.0,13.72,15.652,14.2599,1
neurovision|2026/06/05 14:53:50,2026/06/05 14:53:50,neurovision,4x4x20,4,6.0,2.0,12.76,23.433,22.9558,1
neurovision|2026/06/17 13:32:30,2026/06/17 13:32:30,neurovision,2x2x5,1,4.0,8.0,12.0,16.098,16.7685,0
brainsaw|2026/06/18 14:57:48,2026/06/18 14:57:48,brainsaw,2x2x5,3,2.0,8.0,12.0,20.035,20.8701,0
neurovision|2026/06/22 15:03:54,2026/06/22 15:03:54,neurovision,4x4x20,1,2.0,2.0,11.92,8.706,9.13,0
brainsaw|2026/06/22 15:38:59,2026/06/22 15:38:59,brainsaw,2x2x5,2,4.0,8.0,12.84,17.96,17.4847,1
brainsaw|2026/06/23 12:14:20,2026/06/23 12:14:20,brainsaw,2x2x5,4,2.0,8.0,10.56,20.933,24.7784,0
neurovision|2026/06/24 14:43:45,2026/06/24 14:43:45,neurovision,4x4x20,1,2.0,2.0,12.2,8.195,8.3962,0
neurovision|2026/06/25 11:38:41,2026/06/25 11:38:41,neurovision,4x4x20,1,2.0,2.0,12.28,7.633,7.7695,0
brainsaw|2026/06/30 17:44:18,2026/06/30 17:44:18,brainsaw,4x4x20,3,4.0,2.0,10.96,15.772,17.9878,0
brainsaw|2026/07/02 10:18:54,2026/07/02 10:18:54,brainsaw,4x4x20,2,2.0,2.0,11.32,9.694,10.7044,0
neurovision|2026/07/03 11:40:37,2026/07/03 11:40:37,neurovision,4x4x20,4,2.0,2.0,12.28,21.904,22.2963,0
brainsaw|2026/07/03 11:54:21,2026/07/03 11:54:21,brainsaw,4x4x20,3,2.0,2.0,13.0,15.716,15.1119,1
brainsaw|2026/07/07 11:22:00,2026/07/07 11:22:00,brainsaw,4x4x20,2,1.0,2.0,11.12,8.817,9.9114,0
neurovision|2026/07/08 15:54:35,2026/07/08 15:54:35,neurovision,4x4x20,4,2.0,2.0,15.64,15.945,12.7435,1
brainsaw|2026/07/20 15:20:05,2026/07/20 15:20:05,brainsaw,4x4x20,3,2.0,2.0,12.0,11.576,12.0584,0
brainsaw|2026/07/21 12:26:15,2026/07/21 12:26:15,brainsaw,4x4x20,3,2.0,2.0,12.0,11.659,12.1447,0
