system,first_key,resumed_key,first_log,resumed_log,first_pc_dir,resumed_pc_dir,first_sections,first_last_section,resumed_first_section,gap_hours,why
brainsaw,brainsaw|2017/10/05 11:37:28,brainsaw|2017/10/05 16:39:58,MERGED_LOGS/mrsic_flogel/public/projects/MiJa_20170801_AAVretro/brainsaw/Retro_03/acqLog_Retro_03.txt,MERGED_LOGS/mrsic_flogel/public/projects/MiJa_20170801_AAVretro/brainsaw/Retro_03/Retro_03_rostral/acqLog_Retro_03.txt,Retro_03,Retro_03_rostral,98,98,1,0.19,depth continues
brainsaw,brainsaw|2018/06/25 11:09:30,brainsaw|2018/06/25 14:11:29,MERGED_LOGS/mrsic_flogel/public/projects/PeZn_20150501_AL_PM/histology/PZ133/acqLog_PZ133.txt,MERGED_LOGS/mrsic_flogel/public/projects/PeZn_20150501_AL_PM/histology/PZ133b/acqLog_PZ133.txt,PZ133,PZ133b,76,76,1,0.04,depth continues
brainsaw,brainsaw|2019/03/15 10:52:29,brainsaw|2019/03/15 11:37:43,MERGED_LOGS/mrsic_flogel/public/projects/RoCa_20190213_SerialSectionClearing/RC_05_CR01_CUBIC_dsRed/lowResInitialStack/acqLog_RC_CR_CUBIC_05.txt,MERGED_LOGS/mrsic_flogel/public/projects/RoCa_20190213_SerialSectionClearing/RC_05_CR01_CUBIC_dsRed/highResSecondStack/acqLog_RC_CR_CUBIC_05_hires.txt,RC_CR_CUBIC_05,RC_CR_CUBIC_05_hires,6,6,1,0.23,depth continues
brainsaw,brainsaw|2019/04/17 12:22:40,brainsaw|2019/04/17 13:59:55,MERGED_LOGS/mrsic_flogel/public/projects/AnBl_20180101_LPCortexSFTF/Anatomy/retro_RR/first_rab06_part/AB_rab040506/acqLog_AB_rab040506.txt,MERGED_LOGS/mrsic_flogel/public/projects/AnBl_20180101_LPCortexSFTF/Anatomy/retro_RR/first_rab06_part/AB_rab040506_2/acqLog_AB_rab040506.txt,AB_rab040506,AB_rab040506_2,9,9,1,0.54,first run partial (9 sections)
brainsaw,brainsaw|2019/04/17 15:38:34,brainsaw|2019/04/18 17:31:58,MERGED_LOGS/margrie/slenzi/training_data/ab_brainsaw_rab04/metadata/acqLog_rab04.txt,MERGED_LOGS/mrsic_flogel/public/projects/AnBl_20180101_LPCortexSFTF/Anatomy/retro_RR/rab04_new_laser/rab04/acqLog_rab04.txt,AB_rab0405,AB_rab0405_NEWLASER,164,164,165,7.84,depth continues
brainsaw,brainsaw|2019/10/28 16:29:19,brainsaw|2019/10/28 17:33:05,MERGED_LOGS/mrsic_flogel/public/projects/AlFr_20180601_vLGN/UncroppedBrains/ForMaxime/AF_PCA_19_20_22_25_first_slices/acqLog_AF_PCA_19_20_22_25.txt,MERGED_LOGS/mrsic_flogel/public/projects/AlFr_20180601_vLGN/UncroppedBrains/ForMaxime/AF_PCA_19_20_22_25_full/PCA19/acqLog_ROI_1.txt,AF_PCA_19_20_22_25,AF_PCA_19_20_22_25_2,15,15,1,0.02,depth continues
brainsaw,brainsaw|2019/11/16 16:34:59,brainsaw|2019/11/16 16:40:49,MERGED_LOGS/okeefe/Cristina/Brainsaw/Amygdala_8/acqLog_Rat_13_14.txt,MERGED_LOGS/okeefe/Cristina/Brainsaw/Amygdala_8/acqLog_Amygdala_8.txt,Rat_13_14,Rat_13_14,0,,1,0.1,depth continues
brainsaw,brainsaw|2024/01/10 12:27:46,brainsaw|2024/01/11 10:00:17,MERGED_LOGS/mrsic_flogel/public/projects/SaEl_20220201_VIP/2pdata/ACCsilencing/DREADDs/se070/brainsaw/acqLog_se070.txt,MERGED_LOGS/mrsic_flogel/public/projects/SaEl_20220201_VIP/2pdata/ACCsilencing/DREADDs/se070/brainsaw_2/acqLog_se070.txt,SE_70717475,SE_70717475_2,64,64,1,17.22,first run partial (64 sections)
brainsaw,brainsaw|2024/01/11 19:44:14,brainsaw|2024/01/11 22:18:05,MERGED_LOGS/mrsic_flogel/public/projects/SaEl_20220201_VIP/2pdata/ACCaxonimaging/se068/brainsaw/acqLog_se068.txt,MERGED_LOGS/mrsic_flogel/public/projects/SaEl_20220201_VIP/2pdata/ACCaxonimaging/se068/brainsaw_2/acqLog_se068.txt,SE_68697778,SE_68697778_2,37,37,1,0.43,depth continues
brainsaw,brainsaw|2024/06/28 14:20:22,brainsaw|2024/06/28 14:24:53,MERGED_LOGS/margrie/slenzi/serial2p/whole_brains/raw/SL_1100816/acqLog_SL_1100816.txt,MERGED_LOGS/margrie/slenzi/serial2p/whole_brains/raw/SL_1100816_b/acqLog_SL_1100816_b.txt,SL_1100816,SL_1100816_b,1,1,1,0.06,first run partial (1 sections)
brainsaw,brainsaw|2025/09/18 17:18:45,brainsaw|2025/09/18 18:00:08,MERGED_LOGS/mrsic_flogel/public/projects/SjWe_20230307_IBLAnatomy/histology/01-IBL/ibl-personal-projects/TinyaVisMap/fluo-2p-ex-opt/fluo-2p-ex-opt~001/ss2p/Gelatin-Block-50um/acqLog_Gelatin-Block-50um.txt,MERGED_LOGS/mrsic_flogel/public/projects/SjWe_20230307_IBLAnatomy/histology/01-IBL/ibl-personal-projects/TinyaVisMap/fluo-2p-ex-opt/fluo-2p-ex-opt~001/ss2p/Gelatin-Block-10um/acqLog_Gelatin-Block-10um.txt,GB010,GB010,10,10,1,0.22,depth continues
brainsaw,brainsaw|2026/02/12 16:47:33,brainsaw|2026/02/12 16:56:45,MERGED_LOGS/okeefe/Cristina/Brainsaw/Mouse/CM_1125700_1125701/acqLog_CM_1125700_1125701.txt,MERGED_LOGS/okeefe/Cristina/Brainsaw/Mouse/CM_1125700_1125701_2/ROI_1/acqLog_ROI_1.txt,CM_1125700_1125701,CM_1125700_1125701_2,1,25,25,0.13,section numbering continues
neurovision,neurovision|2023/08/03 18:41:13,neurovision|2023/08/03 18:53:19,MERGED_LOGS/mrsic_flogel/public/projects/SjWe_20230307_IBLAnatomy/histology/00-SWC/PROJECTS/SWC04/fix-ms-cns/fix-ms-cns~001/000_data/ss2p/2p-depth/1131928_d/acqLog_1131928.txt,MERGED_LOGS/mrsic_flogel/public/projects/SjWe_20230307_IBLAnatomy/histology/00-SWC/PROJECTS/SWC04/fix-ms-cns/fix-ms-cns~001/000_data/ss2p/2p-autofl/1131928/acqLog_1131928.txt,1131928_2047_2068_2070_d,1131928_2047_2068_2070,1,1,1,0.17,first run partial (1 sections)
neurovision,neurovision|2023/08/04 18:14:56,neurovision|2023/08/04 18:28:01,MERGED_LOGS/mrsic_flogel/public/projects/SjWe_20230307_IBLAnatomy/histology/00-SWC/PROJECTS/SWC04/fix-ms-cns/fix-ms-cns~001/000_data/ss2p/2p-depth/1131929_d/acqLog_1131929_d.txt,MERGED_LOGS/mrsic_flogel/public/projects/SjWe_20230307_IBLAnatomy/histology/00-SWC/PROJECTS/SWC04/fix-ms-cns/fix-ms-cns~001/000_data/ss2p/2p-autofl/1131929/acqLog_1131929.txt,1131929_2038_1974_2071_d,1131929_2038_1974_2071,1,1,1,0.15,first run partial (1 sections)
neurovision,neurovision|2023/09/04 17:44:41,neurovision|2023/09/04 17:56:37,MERGED_LOGS/isogai/brainsaw/Suzy/SB_TRAP029_030_031_230904/firstrun/acqLog_SB_TRAP029_030_031_230904.txt,MERGED_LOGS/isogai/brainsaw/Suzy/SB_TRAP029_030_031_230904/TRAP029/acqLog_TRAP029.txt,SB_TRAP029_030_031_230904,SB_TRAP029_030_031_230904,0,,1,0.2,depth continues
neurovision,neurovision|2025/05/08 12:22:50,neurovision|2025/05/08 14:37:13,MERGED_LOGS/mrsic_flogel/public/projects/SjWe_20230307_IBLAnatomy/ss2p/mainenlab/ZFM-08457c/acqLog_ZFM-08457c.txt,MERGED_LOGS/mrsic_flogel/public/projects/SjWe_20230307_IBLAnatomy/ss2p/mainenlab/ZFM-08457/acqLog_ZFM-08457.txt,ZFM-08457_08458_08584_08631,ZFM-08457_08458_08584_08631-2,64,64,1,0.07,first run partial (64 sections)
neurovision,neurovision|2025/08/22 15:27:13,neurovision|2025/08/25 10:23:07,MERGED_LOGS/mrsic_flogel/public/projects/JeKr_260424_PTIT/Histology_images/JK_260825_ML_157_159_160_163_164/ML159_163__164_JK_C4__JK_2_B/ML157/acqLog_JK2.txt,MERGED_LOGS/mrsic_flogel/public/projects/JeKr_260424_PTIT/Histology_images/JK_260825_ML_157_159_160_163_164/ML159_163__164_JK_C4__JK_2_C/ML157/acqLog_JK2.txt,ML159_163__164_JK_C4__JK_2_B,ML159_163__164_JK_C4__JK_2_C,107,107,1,54.41,depth continues
organgrinder,organgrinder|2023/03/28 11:06:19,organgrinder|2023/03/28 11:44:31,MERGED_LOGS/mrsic_flogel/public/projects/RoCa_20230401_INSIHGT/BrainSaw/RC_DAPI_GABA_488_Neun_594_cFos_SeTau647_01/acqLog_RC_DAPI_GABA_488_Neun_594_cFos_SeTau647_01.txt,MERGED_LOGS/mrsic_flogel/public/projects/RoCa_20230401_INSIHGT/BrainSaw/RC_DAPI_GABA_488_Neun_594_cFos_SeTau647_02/acqLog_RC_DAPI_GABA_488_Neun_594_cFos_SeTau647_02.txt,RC_DAPI_GABA_488_Neun_594_cFos_SeTau647_01,RC_DAPI_GABA_488_Neun_594_cFos_SeTau647_02,2,2,1,0.18,depth continues
organgrinder,organgrinder|2023/05/10 11:50:09,organgrinder|2023/05/11 23:29:36,MERGED_LOGS/mrsic_flogel/public/projects/RoCa_20230401_INSIHGT/BrainSaw/human/RC__HS_subCrtx_DAPI_488_594_647_highres/acqLog_RC__HS_subCrtx_DAPI_488_594_647.txt,MERGED_LOGS/mrsic_flogel/public/projects/RoCa_20230401_INSIHGT/BrainSaw/human/RC__HS_subCrtx_DAPI_488_594_647_03/acqLog_RC__HS_subCrtx_DAPI_488_594_647_03.txt,RC__HS_subCrtx_DAPI_488_594_647,RC__HS_subCrtx_DAPI_488_594_647_03,58,58,32,13.18,section numbering continues
organgrinder,organgrinder|2024/03/18 13:13:13,organgrinder|2024/03/18 14:24:48,MERGED_LOGS/okeefe/Loukia/BrainSaw/LK_LesionWTAug2023_102/acqLog_LK_LesionWTAug2023_102.txt,MERGED_LOGS/okeefe/Loukia/BrainSaw/LK_LesionWTAug2023_102_2/acqLog_LK_LesionWTAug2023_102_2.txt,LK_LesionWTAug2023_102,LK_LesionWTAug2023_102_2,27,27,1,0.62,first run partial (27 sections)
organgrinder,organgrinder|2024/09/19 14:08:17,organgrinder|2024/09/19 15:13:18,MERGED_LOGS/mrsic_flogel/public/projects/AnAl_20240405_Neuromod_PE/brainsaw/DiI/AMA_LC_V1_19924/acqLog_AMA_LC_V1_19924.txt,MERGED_LOGS/mrsic_flogel/public/projects/AnAl_20240405_Neuromod_PE/brainsaw/DiI/AMA_LC_V1_19924_2/acqLog_AMA_LC_V1_19924_2.txt,AMA_LC_V1_19924,AMA_LC_V1_19924_2,39,39,1,0.12,first run partial (39 sections)
organgrinder,organgrinder|2026/03/25 16:32:16,organgrinder|2026/03/25 16:38:43,MERGED_LOGS/sjones/projects/gpe/gpe_hcr/from_acquisition/serial_section/HL_GPeRB_LR_m/acqLog_HL_GPeRB_LR_m.txt,MERGED_LOGS/sjones/projects/gpe/gpe_hcr/from_acquisition/serial_section/HL_GPeRB_LR/acqLog_HL_GPeRB_LR.txt,HL_GPeRB_LR_m,HL_GPeRB_LR,1,1,1,0.06,depth continues
