file,lab,system,block_start_line,restart_timestamp,sections_before,category,gap_seconds,source
MERGED_LOGS/mrsic_flogel/public/projects/IvOr_20210329_M2_projections/Brains_2pTomo/IO_1120361/acqLog_IO_1120361.txt,mrsic_flogel,neurovision,660,2021/09/17 22:46:52,1,planned stop,285.0,same log
MERGED_LOGS/mrsic_flogel/public/projects/IvOr_20210329_M2_projections/Brains_2pTomo/IO_1120361/acqLog_IO_1120361.txt,mrsic_flogel,neurovision,723,2021/09/17 23:23:16,0,laser fault,395.0,same log
MERGED_LOGS/mrsic_flogel/public/projects/IvOr_20210329_M2_projections/Brains_2pTomo/IO_1120361/acqLog_IO_1120361.txt,mrsic_flogel,neurovision,742,2021/09/19 11:58:28,1,laser fault,131490.0,same log
MERGED_LOGS/mrsic_flogel/public/projects/IvOr_20210329_M2_projections/Brains_2pTomo/IO_1120384/acqLog_IO_1120384.txt,mrsic_flogel,neurovision,660,2021/09/17 22:46:52,1,planned stop,285.0,same log
MERGED_LOGS/mrsic_flogel/public/projects/IvOr_20210329_M2_projections/Brains_2pTomo/IO_1120384/acqLog_IO_1120384.txt,mrsic_flogel,neurovision,723,2021/09/17 23:23:16,0,laser fault,395.0,same log
MERGED_LOGS/mrsic_flogel/public/projects/IvOr_20210329_M2_projections/Brains_2pTomo/IO_1120384/acqLog_IO_1120384.txt,mrsic_flogel,neurovision,742,2021/09/19 11:58:28,1,laser fault,131490.0,same log
MERGED_LOGS/mrsic_flogel/public/projects/IvOr_20210329_M2_projections/Brains_2pTomo/IO_1120385/acqLog_IO_1120385.txt,mrsic_flogel,neurovision,660,2021/09/17 22:46:52,1,planned stop,285.0,same log
MERGED_LOGS/mrsic_flogel/public/projects/IvOr_20210329_M2_projections/Brains_2pTomo/IO_1120385/acqLog_IO_1120385.txt,mrsic_flogel,neurovision,723,2021/09/17 23:23:16,0,laser fault,395.0,same log
MERGED_LOGS/mrsic_flogel/public/projects/IvOr_20210329_M2_projections/Brains_2pTomo/IO_1120385/acqLog_IO_1120385.txt,mrsic_flogel,neurovision,742,2021/09/19 11:58:28,1,laser fault,131490.0,same log
MERGED_LOGS/mrsic_flogel/public/projects/NiVi_2021_vLGN/Injections/AnterogradeT2A/vglut/vgluthSyn3/acqLog_vgluthSyn3.txt,mrsic_flogel,organgrinder,30,2024/03/21 07:49:07,4,manual abort,368.0,same log
MERGED_LOGS/mrsic_flogel/public/projects/NiVi_2021_vLGN/Injections/AnterogradeT2A/vglut/vgluthSyn4/acqLog_vgluthSyn4.txt,mrsic_flogel,organgrinder,30,2024/03/21 07:49:07,4,manual abort,368.0,same log
MERGED_LOGS/mrsic_flogel/public/projects/NiVi_2021_vLGN/Optogenetics/Histology/vLGN_PV/ChR/PVCR1/acqLog_PVCR1.txt,mrsic_flogel,neurovision,24,2022/03/04 11:17:56,3,manual abort,418.0,same log
MERGED_LOGS/mrsic_flogel/public/projects/NiVi_2021_vLGN/Optogenetics/Histology/vLGN_PV/ChR/PVCR1/acqLog_PVCR1.txt,mrsic_flogel,neurovision,37,2022/03/04 11:19:40,1,manual abort,56.0,same log
MERGED_LOGS/mrsic_flogel/public/projects/NiVi_2021_vLGN/Optogenetics/Histology/vLGN_PV/ChR/PVCR2/acqLog_PVCR2.txt,mrsic_flogel,neurovision,24,2022/03/04 11:17:56,3,manual abort,418.0,same log
MERGED_LOGS/mrsic_flogel/public/projects/NiVi_2021_vLGN/Optogenetics/Histology/vLGN_PV/ChR/PVCR2/acqLog_PVCR2.txt,mrsic_flogel,neurovision,37,2022/03/04 11:19:40,1,manual abort,56.0,same log
MERGED_LOGS/sjones/users/hernando/Microscopy_data/Muscimol/HMV_pdyn01_pdyn03_pdyn04/acqLog_HMV_pdyn01_pdyn03_pdyn04.txt,sjones,brainsaw,17,2020/01/10 11:26:26,1,true unknown,272.0,same log
MERGED_LOGS/sjones/users/hernando/Microscopy_data/Muscimol/pdyn01/acqLog_pdyn01.txt,sjones,brainsaw,17,2020/01/10 11:26:26,1,true unknown,272.0,same log
MERGED_LOGS/sjones/users/hernando/Microscopy_data/Muscimol/pdyn03/acqLog_pdyn03.txt,sjones,brainsaw,17,2020/01/10 11:26:26,1,true unknown,272.0,same log
MERGED_LOGS/sjones/users/hernando/Microscopy_data/Muscimol/pdyn04/acqLog_pdyn04.txt,sjones,brainsaw,17,2020/01/10 11:26:26,1,true unknown,272.0,same log
MERGED_LOGS/mrsic_flogel/public/projects/AnBl_20180101_LPCortexSFTF/AMo_LPInhibitionEphysCtx/brainsaw/AMo_17/acqLog_AMo17.txt,mrsic_flogel,brainsaw,9,2017/04/25 17:34:16,1,true unknown,158.0,same log
MERGED_LOGS/mrsic_flogel/public/projects/SaMe_2023_DataBase/aAnatomy/aNr5a103/acqLog_SM_aNr5a103.txt,mrsic_flogel,organgrinder,11,2024/05/01 12:20:04,0,true unknown,290.0,same log
MERGED_LOGS/mrsic_flogel/public/projects/AlFr_20180601_vLGN/Anatomy/Retrograde/Retrograde_SC/CAV2_SC/acqLog_CAV2_SC.txt,mrsic_flogel,brainsaw,22,2018/12/03 17:59:27,2,true unknown,1231.0,same log
MERGED_LOGS/mrsic_flogel/public/projects/AlFr_20180601_vLGN/UncroppedBrains/AF_testblackag/acqLog_AF_testblackag.txt,mrsic_flogel,neurovision,88,2020/11/10 21:35:39,1,true unknown,173.0,same log
MERGED_LOGS/mrsic_flogel/public/projects/AlFr_20180601_vLGN/UncroppedBrains/AF_testblackag/Top/acqLog_ROI_1.txt,mrsic_flogel,neurovision,88,2020/11/10 21:35:39,1,true unknown,173.0,same log
MERGED_LOGS/mrsic_flogel/public/projects/AlFr_20180601_vLGN/UncroppedBrains/AF_testblackag/Bottom/acqLog_ROI_2.txt,mrsic_flogel,neurovision,88,2020/11/10 21:35:39,1,true unknown,173.0,same log
MERGED_LOGS/mrsic_flogel/public/projects/AnAl_20240405_Neuromod_PE/brainsaw/LC/DiI/014/acqLog_sample_014.txt,mrsic_flogel,brainsaw,27,2024/12/18 11:14:46,3,planned stop,599.0,same log
MERGED_LOGS/mrsic_flogel/public/projects/AnAl_20240405_Neuromod_PE/brainsaw/LC/DiI/177/acqLog_sample_177.txt,mrsic_flogel,brainsaw,27,2024/12/18 11:14:46,3,planned stop,599.0,same log
MERGED_LOGS/mrsic_flogel/public/projects/AnAl_20240405_Neuromod_PE/brainsaw/LC/DiI/178/acqLog_sample_178.txt,mrsic_flogel,brainsaw,27,2024/12/18 11:14:46,3,planned stop,599.0,same log
MERGED_LOGS/sjones/data/Brainsaw_Transfer_data/EJT213_CanulaTest/acqLog_EJT213_CanulaTest.txt,sjones,neurovision,16,2022/01/07 14:40:15,1,planned stop,507.0,same log
MERGED_LOGS/margrie/slenzi/serial2p/whole_brains/raw/1035874/acqLog_sample_1035874.txt,margrie,brainsaw,12,2020/02/26 14:41:26,0,true unknown,357.0,same log
MERGED_LOGS/margrie/slenzi/serial2p/whole_brains/raw/945582/acqLog_sample_945582.txt,margrie,brainsaw,12,2020/02/26 14:41:26,0,true unknown,357.0,same log
MERGED_LOGS/margrie/slenzi/serial2p/whole_brains/raw/945583/acqLog_sample_945583.txt,margrie,brainsaw,12,2020/02/26 14:41:26,0,true unknown,357.0,same log
MERGED_LOGS/margrie/slenzi/serial2p/whole_brains/raw/965970/acqLog_sample_965970.txt,margrie,brainsaw,12,2020/02/26 14:41:26,0,true unknown,357.0,same log
MERGED_LOGS/akrami/_projects/sound_cat_rat/rawdata/sub-007_id-AR05_expmtr-arpit/ses-58_date-20260528_dtype-serial2p/2pe/acqLog_AR05.txt,akrami,brainsaw,13,2026/05/27 13:29:41,0,true unknown,267.0,same log
MERGED_LOGS/mrsic_flogel/public/projects/RoCa_20190501_IBLanatomy/wittenlab/lic_1/acqLog_lic_1.txt,mrsic_flogel,neurovision,607,2019/09/25 16:02:27,0,true unknown,89.0,same log
MERGED_LOGS/mrsic_flogel/public/projects/NiVi_2021_vLGN/Injections/AnterogradeT2A/NOS/NOShSyn6_2/acqLog_NOShSyn6_2.txt,mrsic_flogel,neurovision,11,2024/05/01 10:42:45,0,true unknown,86.0,same log
MERGED_LOGS/mrsic_flogel/public/projects/NiVi_2021_vLGN/Injections/AnterogradeT2A/NOS/NOShSyn7_2/acqLog_NOShSyn7_2.txt,mrsic_flogel,neurovision,11,2024/05/01 10:42:45,0,true unknown,86.0,same log
MERGED_LOGS/mrsic_flogel/public/projects/AlFr_20180601_vLGN/UncroppedBrains/AF_C2vGvLG15_18/acqLog_AF_C2vGvLG15_18.txt,mrsic_flogel,brainsaw,11,2021/06/23 23:29:54,0,planned stop,691.0,same log
MERGED_LOGS/mrsic_flogel/public/projects/AlFr_20180601_vLGN/EscapeBehaviour/Histology/Chr2/C2vGvLG/C2vGvLG15/acqLog_C2vGvLG15.txt,mrsic_flogel,brainsaw,11,2021/06/23 23:29:54,0,planned stop,691.0,same log
MERGED_LOGS/mrsic_flogel/public/projects/AlFr_20180601_vLGN/EscapeBehaviour/Histology/Chr2/C2vGvLG/C2vGvLG16/acqLog_C2vGvLG16.txt,mrsic_flogel,brainsaw,11,2021/06/23 23:29:54,0,planned stop,691.0,same log
MERGED_LOGS/mrsic_flogel/public/projects/AlFr_20180601_vLGN/EscapeBehaviour/Histology/Chr2/C2vGvLG/C2vGvLG17/acqLog_C2vGvLG17.txt,mrsic_flogel,brainsaw,11,2021/06/23 23:29:54,0,planned stop,691.0,same log
MERGED_LOGS/mrsic_flogel/public/projects/AlFr_20180601_vLGN/EscapeBehaviour/Histology/Chr2/C2vGvLG/C2vGvLG18/acqLog_C2vGvLG18.txt,mrsic_flogel,brainsaw,11,2021/06/23 23:29:54,0,planned stop,691.0,same log
MERGED_LOGS/murray/Zane/Anatomy/BrainSaw/ZM_FAA1034507/ROI_C1/acqLog_ROI_C1.txt,murray,organgrinder,112,2021/10/12 11:27:16,1,manual abort,159.0,same log
MERGED_LOGS/murray/Zane/Anatomy/BrainSaw/ZM_FAA1034507/ROI_C2/acqLog_ROI_C2.txt,murray,organgrinder,112,2021/10/12 11:27:16,1,manual abort,159.0,same log
MERGED_LOGS/murray/Zane/Anatomy/BrainSaw/ZM_FAA1034507/ROI_L1/acqLog_ROI_L1.txt,murray,organgrinder,112,2021/10/12 11:27:16,1,manual abort,159.0,same log
MERGED_LOGS/murray/Zane/Anatomy/BrainSaw/ZM_FAA1034507/ROI_L2/acqLog_ROI_L2.txt,murray,organgrinder,112,2021/10/12 11:27:16,1,manual abort,159.0,same log
MERGED_LOGS/murray/Zane/Anatomy/BrainSaw/ZM_FAA1034507/ROI_T1/acqLog_ROI_T1.txt,murray,organgrinder,112,2021/10/12 11:27:16,1,manual abort,159.0,same log
MERGED_LOGS/murray/Zane/Anatomy/BrainSaw/ZM_FAA1034507/ROI_T2/acqLog_ROI_T2.txt,murray,organgrinder,112,2021/10/12 11:27:16,1,manual abort,159.0,same log
MERGED_LOGS/sjones/projects/OSFNT/raw_data/OSFNT_12/2026-05-29T11-45-28/users/Yvonne/BrainSaw/YJ_221122_DATTOM/YJ_DATTOM1/acqLog_YJ_DATTOM1.txt,sjones,brainsaw,181,2022/11/22 14:16:28,3,true unknown,98.0,same log
MERGED_LOGS/sjones/projects/OSFNT/raw_data/OSFNT_12/2026-05-29T11-45-28/users/Yvonne/BrainSaw/YJ_221122_DATTOM/YJ_DATTOM2/acqLog_YJ_DATTOM2.txt,sjones,brainsaw,181,2022/11/22 14:16:28,3,true unknown,98.0,same log
MERGED_LOGS/sjones/projects/OSFNT/raw_data/OSFNT_12/2026-05-29T11-45-28/users/Yvonne/BrainSaw/YJ_221122_DATTOM/YJ_DATTOM3_ChR2/acqLog_YJ_DATTOM3_ChR2.txt,sjones,brainsaw,181,2022/11/22 14:16:28,3,true unknown,98.0,same log
MERGED_LOGS/mrsic_flogel/public/projects/NiVi_2021_vLGN/Electrophysiology/Histology/Penk/PenkChR10/acqLog_PenkChR10.txt,mrsic_flogel,brainsaw,711,2025/12/12 18:12:09,0,true unknown,940.0,same log
MERGED_LOGS/mrsic_flogel/public/projects/NiVi_2021_vLGN/Electrophysiology/Histology/Penk/PenkChR10/acqLog_PenkChR10.txt,mrsic_flogel,brainsaw,741,2025/12/12 19:07:48,4,planned stop,2539.0,same log
MERGED_LOGS/mrsic_flogel/public/projects/NiVi_2021_vLGN/Electrophysiology/Histology/Penk/PenkChR11/acqLog_PenkChR11.txt,mrsic_flogel,brainsaw,711,2025/12/12 18:12:09,0,true unknown,940.0,same log
MERGED_LOGS/mrsic_flogel/public/projects/NiVi_2021_vLGN/Electrophysiology/Histology/Penk/PenkChR11/acqLog_PenkChR11.txt,mrsic_flogel,brainsaw,741,2025/12/12 19:07:48,4,planned stop,2539.0,same log
MERGED_LOGS/mrsic_flogel/public/projects/AnBl_20180101_LPCortexSFTF/MoA_ctxInhibitionImagingLP/MoA01/BrainSaw/acqLog_MoA_01.txt,mrsic_flogel,brainsaw,14,2017/04/14 13:19:55,3,true unknown,1267.0,same log
MERGED_LOGS/mrsic_flogel/public/projects/AnBl_20180101_LPCortexSFTF/MoA_ctxInhibitionImagingLP/MoA01/BrainSaw/acqLog_MoA_01.txt,mrsic_flogel,brainsaw,18,2017/04/14 14:21:27,0,true unknown,3686.0,same log
MERGED_LOGS/mrsic_flogel/public/projects/AnBl_20180101_LPCortexSFTF/MoA_ctxInhibitionImagingLP/MoA01/BrainSaw/acqLog_MoA_01.txt,mrsic_flogel,brainsaw,28,2017/04/17 12:48:34,2,true unknown,253289.0,same log
MERGED_LOGS/mrsic_flogel/public/projects/AnBl_20180101_LPCortexSFTF/MoA_ctxInhibitionImagingLP/MoA01/BrainSaw/acqLog_MoA_01.txt,mrsic_flogel,brainsaw,32,2017/04/17 13:26:46,0,true unknown,2280.0,same log
MERGED_LOGS/mrsic_flogel/public/projects/AnBl_20180101_LPCortexSFTF/MoA_ctxInhibitionImagingLP/MoA01/BrainSaw/acqLog_MoA_01.txt,mrsic_flogel,brainsaw,104,2017/04/17 14:40:58,0,true unknown,165.0,same log
MERGED_LOGS/sjones/data/Brainsaw_Transfer_data/EJT183_eOPN3/acqLog_EJT183_eOPN3.txt,sjones,brainsaw,458,2022/03/17 09:13:23,0,true unknown,411.0,same log
MERGED_LOGS/mrsic_flogel/public/projects/RoCa_20190601_SerialSectionDevelopment/earlyNeuroVisionAcqs/PC_041/acqLog_PC_041.txt,mrsic_flogel,neurovision,27,2019/07/18 17:39:33,1,laser fault,192.0,same log
MERGED_LOGS/mrsic_flogel/public/projects/AnBl_20180101_LPCortexSFTF/Anatomy/retro_RR/RR64/acqLog_RR64.txt,mrsic_flogel,brainsaw,27,2018/01/16 19:54:29,3,manual abort,91.0,same log
MERGED_LOGS/murray/Egzona/BrainSaw/EM_CTB2_bilateral/EM_CTB_01_210310/acqLog_EM_CTB_01_210310.txt,murray,neurovision,423,2021/03/10 16:36:40,0,natural completion,483.0,same log
MERGED_LOGS/murray/Egzona/BrainSaw/EM_CTB2_bilateral/EM_CTB_02_210310/acqLog_EM_CTB_02_210310.txt,murray,neurovision,423,2021/03/10 16:36:40,0,natural completion,483.0,same log
MERGED_LOGS/mrsic_flogel/public/projects/SjWe_20230307_IBLAnatomy/ss2p/cortexlab/SP061/acqLog_SP061.txt,mrsic_flogel,neurovision,1091,2025/04/25 11:11:26,5,manual abort,444.0,same log
MERGED_LOGS/mrsic_flogel/public/projects/SjWe_20230307_IBLAnatomy/ss2p/cortexlab/SP061/acqLog_SP061.txt,mrsic_flogel,neurovision,1110,2025/04/25 11:21:49,2,manual abort,263.0,same log
MERGED_LOGS/mrsic_flogel/public/projects/SjWe_20230307_IBLAnatomy/ss2p/rawDataArchive/SP061_063_065/acqLog_SP061_063_065.txt,mrsic_flogel,neurovision,1091,2025/04/25 11:11:26,5,manual abort,444.0,same log
MERGED_LOGS/mrsic_flogel/public/projects/SjWe_20230307_IBLAnatomy/ss2p/rawDataArchive/SP061_063_065/acqLog_SP061_063_065.txt,mrsic_flogel,neurovision,1110,2025/04/25 11:21:49,2,manual abort,263.0,same log
MERGED_LOGS/mrsic_flogel/public/projects/SjWe_20230307_IBLAnatomy/ss2p/cortexlab/SP063/acqLog_SP063.txt,mrsic_flogel,neurovision,1091,2025/04/25 11:11:26,5,manual abort,444.0,same log
MERGED_LOGS/mrsic_flogel/public/projects/SjWe_20230307_IBLAnatomy/ss2p/cortexlab/SP063/acqLog_SP063.txt,mrsic_flogel,neurovision,1110,2025/04/25 11:21:49,2,manual abort,263.0,same log
MERGED_LOGS/mrsic_flogel/public/projects/SjWe_20230307_IBLAnatomy/ss2p/cortexlab/SP065/acqLog_SP065.txt,mrsic_flogel,neurovision,1091,2025/04/25 11:11:26,5,manual abort,444.0,same log
MERGED_LOGS/mrsic_flogel/public/projects/SjWe_20230307_IBLAnatomy/ss2p/cortexlab/SP065/acqLog_SP065.txt,mrsic_flogel,neurovision,1110,2025/04/25 11:21:49,2,manual abort,263.0,same log
MERGED_LOGS/sjones/projects/OSFNT/raw_data/OSFNT_12/2026-05-29T11-45-28/users/lars/data/s027_tabnpxon_m1114797_R/s027_tabnpxon_m1114797_R__20220212_145542__serial_section/acqLog_s027.txt,sjones,neurovision,11,2022/02/12 14:59:53,0,planned stop,238.0,same log
MERGED_LOGS/sjones/projects/OSFNT/raw_data/OSFNT_12/2026-05-29T11-45-28/users/lars/data/s028_tabnpxon_m1114798_LR/s028_tabnpxon_m1114798_LR__20220212_145542__serial_section/acqLog_s028.txt,sjones,neurovision,11,2022/02/12 14:59:53,0,planned stop,238.0,same log
MERGED_LOGS/sjones/projects/OSFNT/raw_data/OSFNT_12/2026-05-29T11-45-28/users/lars/data/s031_tabnpxon_m1097517_L/s031_tabnpxon_m1097517_L__20220212_145542__serial_section/acqLog_s031.txt,sjones,neurovision,11,2022/02/12 14:59:53,0,planned stop,238.0,same log
MERGED_LOGS/mrsic_flogel/public/projects/AlFr_20180601_vLGN/EscapeBehaviour/Histology/Controls/C2vGvLS_ctrl2/acqLog_AF_NV_FPvGvLG5_GFPcontrols.txt,mrsic_flogel,brainsaw,69,2020/06/26 13:50:20,0,true unknown,105.0,same log
MERGED_LOGS/mrsic_flogel/public/projects/AlFr_20180601_vLGN/EscapeBehaviour/Histology/Controls/C2vGvLS_ctrl2/acqLog_AF_NV_FPvGvLG5_GFPcontrols.txt,mrsic_flogel,brainsaw,78,2020/06/26 13:52:41,0,true unknown,141.0,same log
MERGED_LOGS/mrsic_flogel/public/projects/AlFr_20180601_vLGN/EscapeBehaviour/Histology/Controls/C2vGvLS_ctrl2/acqLog_AF_NV_FPvGvLG5_GFPcontrols.txt,mrsic_flogel,brainsaw,92,2020/06/26 14:04:23,1,true unknown,224.0,same log
MERGED_LOGS/sjones/data/Brainsaw_Transfer_data/Emmett_data/EJT235/acqLog_EJT235.txt,sjones,organgrinder,27,2023/07/14 13:32:58,3,true unknown,4986.0,same log
MERGED_LOGS/isogai/brainsaw/Shanice/SB033_SB046_230322/SB033/acqLog_SB033.txt,isogai,neurovision,27,2023/03/22 14:52:46,3,planned stop,823.0,same log
MERGED_LOGS/isogai/brainsaw/Shanice/SB033_SB046_230322/SB046/acqLog_SB046.txt,isogai,neurovision,27,2023/03/22 14:52:46,3,planned stop,823.0,same log
MERGED_LOGS/margrie/Molly/serial_2p/MS_FN_1111808/acqLog_MS_FN_1111808.txt,margrie,brainsaw,516,2020/07/16 06:48:13,0,true unknown,3712.0,same log
MERGED_LOGS/margrie/Molly/serial_2p/MS_FN_1111808/acqLog_MS_FN_1111808.txt,margrie,brainsaw,526,2020/07/16 07:06:22,0,true unknown,1089.0,same log
MERGED_LOGS/margrie/Molly/serial_2p/MS_FN_1111808/acqLog_MS_FN_1111808.txt,margrie,brainsaw,535,2020/07/16 07:31:58,0,true unknown,1536.0,same log
MERGED_LOGS/mrsic_flogel/public/projects/AnKh_20210901_DMDMCerebellumOpto/Histology/DCN_injections/1142303 (AK_30)/acqLog_AK30.txt,mrsic_flogel,brainsaw,10,2025/08/12 12:01:50,0,planned stop,1380.0,same log
MERGED_LOGS/mrsic_flogel/public/projects/NiVi_2021_vLGN/Michelle/Histology/ML_Surgery_Practice/acqLog_ML_Surgery_Practice.txt,mrsic_flogel,brainsaw,10,2025/08/12 12:01:50,0,planned stop,1380.0,same log
MERGED_LOGS/margrie/mvelez/mateoData_NeuroVision/CA_468_4/acqLog_CA_468_4.txt,margrie,neurovision,11,2019/07/25 11:49:16,0,true unknown,266.0,same log
MERGED_LOGS/mrsic_flogel/public/projects/AnAl_20240405_Neuromod_PE/brainsaw/RSC/RSC1/acqLog_RSC1.txt,mrsic_flogel,organgrinder,21,2024/04/22 11:58:41,2,true unknown,133.0,same log
MERGED_LOGS/mrsic_flogel/public/projects/AnAl_20240405_Neuromod_PE/brainsaw/RSC/RSC1/acqLog_RSC1.txt,mrsic_flogel,organgrinder,31,2024/04/22 12:02:27,0,true unknown,226.0,same log
MERGED_LOGS/mrsic_flogel/public/projects/AnAl_20240405_Neuromod_PE/brainsaw/RSC/RSC5/acqLog_RSC5.txt,mrsic_flogel,organgrinder,21,2024/04/22 11:58:41,2,true unknown,133.0,same log
MERGED_LOGS/mrsic_flogel/public/projects/AnAl_20240405_Neuromod_PE/brainsaw/RSC/RSC5/acqLog_RSC5.txt,mrsic_flogel,organgrinder,31,2024/04/22 12:02:27,0,true unknown,226.0,same log
MERGED_LOGS/margrie/mvelez/mateoData_NeuroVision/MVF_CAA-1115211/acqLog_MVF_CAA-1115211.txt,margrie,neurovision,30,2021/09/20 11:41:50,4,true unknown,119.0,same log
MERGED_LOGS/mrsic_flogel/public/projects/AlFr_20180601_vLGN/UncroppedBrains/AF_NV_HMD_GI2_DI/acqLog_AF_NV_HMD_GI2_DI.txt,mrsic_flogel,brainsaw,14,2020/06/04 16:48:56,0,planned stop,236.0,same log
MERGED_LOGS/mrsic_flogel/public/projects/AlFr_20180601_vLGN/Anatomy/Anterograde/Dreadds_tests/HMD_GI2/acqLog_ROI_1.txt,mrsic_flogel,brainsaw,14,2020/06/04 16:48:56,0,planned stop,236.0,same log
MERGED_LOGS/mrsic_flogel/public/projects/AlFr_20180601_vLGN/Anatomy/Anterograde/Dreadds_tests/HMD_DI1/acqLog_ROI_2.txt,mrsic_flogel,brainsaw,14,2020/06/04 16:48:56,0,planned stop,236.0,same log
MERGED_LOGS/mrsic_flogel/public/projects/AlFr_20180601_vLGN/Anatomy/Anterograde/Dreadds_tests/HMD_DI2/acqLog_ROI_3.txt,mrsic_flogel,brainsaw,14,2020/06/04 16:48:56,0,planned stop,236.0,same log
MERGED_LOGS/mrsic_flogel/public/projects/AlFr_20180601_vLGN/Anatomy/Anterograde/Dreadds_tests/HMD_DI3/acqLog_ROI_4.txt,mrsic_flogel,brainsaw,14,2020/06/04 16:48:56,0,planned stop,236.0,same log
MERGED_LOGS/branco/Brainsaw/EJT43/acqLog_EJT43.txt,branco,neurovision,20,2020/10/02 17:37:01,2,true unknown,886.0,same log
MERGED_LOGS/sjones/projects/Emmett/Histology/Brainsaw/FlexedJaws_DLS_D1CreMouse/EJT44/acqLog_EJT44.txt,sjones,neurovision,20,2020/10/02 17:37:01,2,true unknown,886.0,same log
MERGED_LOGS/sjones/projects/Emmett/Histology/Brainsaw/FlexedJaws_DLS_D2CreMouse/EJT45/acqLog_EJT45.txt,sjones,neurovision,20,2020/10/02 17:37:01,2,true unknown,886.0,same log
MERGED_LOGS/sjones/projects/Emmett/Histology/Brainsaw/FlexedJaws_DLS_D2CreMouse/EJT46/acqLog_EJT46.txt,sjones,neurovision,20,2020/10/02 17:37:01,2,true unknown,886.0,same log
MERGED_LOGS/mrsic_flogel/public/projects/PeZn_20150501_AL_PM/histology/T12/acqLog_T12.txt,mrsic_flogel,brainsaw,14,2016/11/17 16:24:53,3,true unknown,39.0,same log
MERGED_LOGS/mrsic_flogel/public/projects/AnBl_20180101_LPCortexSFTF/Anatomy/retro_RR/first_rab06_part/AB_rab040506/acqLog_RC_GCaMP_aveTest.txt,mrsic_flogel,brainsaw,330,2019/05/02 16:39:58,0,true unknown,97.0,same log
MERGED_LOGS/mrsic_flogel/public/projects/AnBl_20180101_LPCortexSFTF/Anatomy/retro_RR/first_rab06_part/AB_rab040506/rab06/acqLog_rab06.txt,mrsic_flogel,brainsaw,330,2019/05/02 16:39:58,0,true unknown,97.0,same log
MERGED_LOGS/akrami/Dammy/anatomy/DO80/acqLog_DO80.txt,akrami,organgrinder,650,2024/08/15 14:22:10,1,planned stop,2015.0,same log
MERGED_LOGS/akrami/Dammy/anatomy/DO80/acqLog_DO80.txt,akrami,organgrinder,653,2024/08/16 08:55:14,0,true unknown,66784.0,same log
MERGED_LOGS/akrami/Dammy/anatomy/DO80/acqLog_DO80.txt,akrami,organgrinder,668,2024/08/16 09:06:33,1,planned stop,612.0,same log
MERGED_LOGS/akrami/Dammy/anatomy/DO80/acqLog_DO80.txt,akrami,organgrinder,683,2024/08/16 09:12:59,1,planned stop,319.0,same log
MERGED_LOGS/mrsic_flogel/public/projects/SaMe_2023_DataBase/bBehaviour/bCamk2a03/bCamk2a03_Anatomy/bCamk2a03_SerialSection/acqLog_bCamk2a03.txt,mrsic_flogel,neurovision,22,2025/10/02 10:53:15,2,true unknown,2983.0,same log
MERGED_LOGS/mrsic_flogel/public/projects/SaMe_2023_DataBase/bBehaviour/bVGAT57/bVGAT57_Anatomy/bVGAT57_SerialSection/acqLog_bVGAT57.txt,mrsic_flogel,neurovision,22,2025/10/02 10:53:15,2,true unknown,2983.0,same log
MERGED_LOGS/mrsic_flogel/public/projects/SaMe_2023_DataBase/bBehaviour/bVGAT62/bVGAT62_Anatomy/bVGAT62_SerialSection/acqLog_bVGAT62.txt,mrsic_flogel,neurovision,22,2025/10/02 10:53:15,2,true unknown,2983.0,same log
MERGED_LOGS/mrsic_flogel/public/projects/SaMe_2023_DataBase/bBehaviour/bVGAT63/bVGAT63_Anatomy/bVGAT63_SerialSection/acqLog_bVGAT63.txt,mrsic_flogel,neurovision,22,2025/10/02 10:53:15,2,true unknown,2983.0,same log
MERGED_LOGS/mrsic_flogel/public/projects/SaMe_2023_DataBase/fpFibrePhotometry/fpCamk201/fpCamk201_Anatomy/fpCamK201_SerialSection/acqLog_fpCamK201.txt,mrsic_flogel,brainsaw,11,2025/01/31 12:05:30,0,true unknown,907.0,same log
MERGED_LOGS/mrsic_flogel/public/projects/SaMe_2023_DataBase/fpFibrePhotometry/fpCamK202/fpCamk202_Anatomy/fpCamK202_SerialSection/acqLog_fpCamK202.txt,mrsic_flogel,brainsaw,11,2025/01/31 12:05:30,0,true unknown,907.0,same log
MERGED_LOGS/murray/Zane/Anatomy/BrainSaw/ZM_BAA1100153/ROI_C1/acqLog_ROI_C1.txt,murray,neurovision,15,2021/12/13 09:19:44,1,planned stop,2740.0,same log
MERGED_LOGS/murray/Zane/Anatomy/BrainSaw/ZM_BAA1100153/ROI_C2/acqLog_ROI_C2.txt,murray,neurovision,15,2021/12/13 09:19:44,1,planned stop,2740.0,same log
MERGED_LOGS/murray/Zane/Anatomy/BrainSaw/ZM_BAA1100153/ROI_L1/acqLog_ROI_L1.txt,murray,neurovision,15,2021/12/13 09:19:44,1,planned stop,2740.0,same log
MERGED_LOGS/murray/Zane/Anatomy/BrainSaw/ZM_BAA1100153/ROI_L2/acqLog_ROI_L2.txt,murray,neurovision,15,2021/12/13 09:19:44,1,planned stop,2740.0,same log
MERGED_LOGS/murray/Zane/Anatomy/BrainSaw/ZM_BAA1100153/ROI_T1/acqLog_ROI_T1.txt,murray,neurovision,15,2021/12/13 09:19:44,1,planned stop,2740.0,same log
MERGED_LOGS/murray/Zane/Anatomy/BrainSaw/ZM_BAA1100153/ROI_T2/acqLog_ROI_T2.txt,murray,neurovision,15,2021/12/13 09:19:44,1,planned stop,2740.0,same log
MERGED_LOGS/murray/Zane/Anatomy/BrainSaw/ZM_BAA1100144/ROI_C1/acqLog_ROI_C1.txt,murray,neurovision,30,2021/12/06 11:12:40,4,true unknown,183.0,same log
MERGED_LOGS/murray/Zane/Anatomy/BrainSaw/ZM_BAA1100144/ROI_C1/acqLog_ROI_C1.txt,murray,neurovision,703,2021/12/07 08:33:01,1,planned stop,151.0,same log
MERGED_LOGS/murray/Zane/Anatomy/BrainSaw/ZM_BAA1100144/ROI_C2/acqLog_ROI_C2.txt,murray,neurovision,30,2021/12/06 11:12:40,4,true unknown,183.0,same log
MERGED_LOGS/murray/Zane/Anatomy/BrainSaw/ZM_BAA1100144/ROI_C2/acqLog_ROI_C2.txt,murray,neurovision,703,2021/12/07 08:33:01,1,planned stop,151.0,same log
MERGED_LOGS/murray/Zane/Anatomy/BrainSaw/ZM_BAA1100144/ROI_L1/acqLog_ROI_L1.txt,murray,neurovision,30,2021/12/06 11:12:40,4,true unknown,183.0,same log
MERGED_LOGS/murray/Zane/Anatomy/BrainSaw/ZM_BAA1100144/ROI_L1/acqLog_ROI_L1.txt,murray,neurovision,703,2021/12/07 08:33:01,1,planned stop,151.0,same log
MERGED_LOGS/murray/Zane/Anatomy/BrainSaw/ZM_BAA1100144/ROI_L2/acqLog_ROI_L2.txt,murray,neurovision,30,2021/12/06 11:12:40,4,true unknown,183.0,same log
MERGED_LOGS/murray/Zane/Anatomy/BrainSaw/ZM_BAA1100144/ROI_L2/acqLog_ROI_L2.txt,murray,neurovision,703,2021/12/07 08:33:01,1,planned stop,151.0,same log
MERGED_LOGS/murray/Zane/Anatomy/BrainSaw/ZM_BAA1100144/ROI_T1/acqLog_ROI_T1.txt,murray,neurovision,30,2021/12/06 11:12:40,4,true unknown,183.0,same log
MERGED_LOGS/murray/Zane/Anatomy/BrainSaw/ZM_BAA1100144/ROI_T1/acqLog_ROI_T1.txt,murray,neurovision,703,2021/12/07 08:33:01,1,planned stop,151.0,same log
MERGED_LOGS/murray/Zane/Anatomy/BrainSaw/ZM_BAA1100144/ROI_T2/acqLog_ROI_T2.txt,murray,neurovision,30,2021/12/06 11:12:40,4,true unknown,183.0,same log
MERGED_LOGS/murray/Zane/Anatomy/BrainSaw/ZM_BAA1100144/ROI_T2/acqLog_ROI_T2.txt,murray,neurovision,703,2021/12/07 08:33:01,1,planned stop,151.0,same log
MERGED_LOGS/branco/Yiota/Atlas/JF1/1106974/acqLog_sample_1106974.txt,branco,brainsaw,1313,2026/06/24 09:35:56,0,true unknown,96.0,same log
MERGED_LOGS/branco/Yiota/Atlas/JF1/1106974/acqLog_sample_1106974.txt,branco,brainsaw,1326,2026/06/24 09:47:55,0,natural completion,566.0,same log
MERGED_LOGS/branco/Yiota/Atlas/JF1/1106976/acqLog_sample_1106976.txt,branco,brainsaw,1313,2026/06/24 09:35:56,0,true unknown,96.0,same log
MERGED_LOGS/branco/Yiota/Atlas/JF1/1106976/acqLog_sample_1106976.txt,branco,brainsaw,1326,2026/06/24 09:47:55,0,natural completion,566.0,same log
MERGED_LOGS/branco/Yiota/Atlas/JF1/1106977/acqLog_sample_1106977.txt,branco,brainsaw,1313,2026/06/24 09:35:56,0,true unknown,96.0,same log
MERGED_LOGS/branco/Yiota/Atlas/JF1/1106977/acqLog_sample_1106977.txt,branco,brainsaw,1326,2026/06/24 09:47:55,0,natural completion,566.0,same log
MERGED_LOGS/branco/Yiota/Atlas/JF1/1106978/acqLog_sample_1106978.txt,branco,brainsaw,1313,2026/06/24 09:35:56,0,true unknown,96.0,same log
MERGED_LOGS/branco/Yiota/Atlas/JF1/1106978/acqLog_sample_1106978.txt,branco,brainsaw,1326,2026/06/24 09:47:55,0,natural completion,566.0,same log
MERGED_LOGS/mrsic_flogel/public/projects/AnAl_20240405_Neuromod_PE/brainsaw/PE_mapping/Shank3_CT/mouse7/aquisition_logs/acqLog_AMA_cfos_ASD_480_8825.txt,mrsic_flogel,brainsaw,16,2025/08/08 18:45:46,1,planned stop,566.0,same log
MERGED_LOGS/mrsic_flogel/public/projects/AnBl_20180101_LPCortexSFTF/Anatomy/RR (RetroRabies)/RR45/brainsaw/acqLog_RR45_20171019.txt,mrsic_flogel,brainsaw,737,2017/10/20 14:11:57,4,manual abort,215.0,same log
MERGED_LOGS/mrsic_flogel/public/projects/AnBl_20180101_LPCortexSFTF/MoA_ctxInhibitionImagingLP/MoA_histo/MoA_20/acqLog_MoA_20.txt,mrsic_flogel,brainsaw,6,2017/08/03 11:26:07,0,true unknown,107.0,same log
MERGED_LOGS/mrsic_flogel/public/projects/AnBl_20180101_LPCortexSFTF/MoA_ctxInhibitionImagingLP/MoA_histo/MoA_20/acqLog_MoA_20.txt,mrsic_flogel,brainsaw,11,2017/08/03 11:30:12,0,true unknown,245.0,same log
MERGED_LOGS/mrsic_flogel/public/projects/AnBl_20180101_LPCortexSFTF/MoA_ctxInhibitionImagingLP/MoA_histo/MoA_20/acqLog_MoA_20.txt,mrsic_flogel,brainsaw,15,2017/08/03 11:30:55,0,true unknown,43.0,same log
MERGED_LOGS/mrsic_flogel/public/projects/AnAl_20240405_Neuromod_PE/brainsaw/PE_mapping/834/acqLog_sample_834.txt,mrsic_flogel,brainsaw,21,2024/08/02 12:39:16,2,manual abort,319.0,same log
MERGED_LOGS/mrsic_flogel/public/projects/AnAl_20240405_Neuromod_PE/brainsaw/PE_mapping/838/acqLog_sample_838.txt,mrsic_flogel,brainsaw,21,2024/08/02 12:39:16,2,manual abort,319.0,same log
MERGED_LOGS/mrsic_flogel/public/projects/AnBl_20180101_LPCortexSFTF/MoA_ctxInhibitionImagingLP/MoA_histo/MoA_07/acqLog_MoA07.txt,mrsic_flogel,brainsaw,76,2017/04/12 16:26:46,4,true unknown,983.0,same log
MERGED_LOGS/margrie/mvelez/mateoData_NeuroVision/MVF_four_probe_brains/CAA_1110262/acqLog_MVF_four_brains.txt,margrie,brainsaw,21,2020/07/13 14:34:46,2,planned stop,108.0,same log
MERGED_LOGS/mrsic_flogel/public/projects/SaMe_2020_Pro_Cx_vLGN/Anatomy_fromwinstor/sm_1125856_SOMaI14RGyfp/acqLog_sm_1125856_SOMaI14RGyfp.txt,mrsic_flogel,brainsaw,11,2022/10/03 12:49:16,0,true unknown,85.0,same log
MERGED_LOGS/margrie/SimonWeiler/RawData/Tracing_Imaging/serial2p/SW_5269/acqLog_SW_5269.txt,margrie,brainsaw,483,2021/09/28 13:33:19,0,true unknown,615.0,same log
MERGED_LOGS/margrie/SimonWeiler/RawData/Tracing_Imaging/serial2p/SW_5269/acqLog_SW_5269.txt,margrie,brainsaw,506,2021/09/28 13:40:17,3,manual abort,134.0,same log
MERGED_LOGS/mrsic_flogel/public/projects/NiVi_2021_vLGN/Injections/AnterogradeT2A/SOM/SOMhSyn1/acqLog_SOMhSyn1.txt,mrsic_flogel,organgrinder,12,2023/12/10 09:00:24,0,true unknown,442.0,same log
MERGED_LOGS/mrsic_flogel/public/projects/NiVi_2021_vLGN/Injections/AnterogradeT2A/SOM/SOMhSyn2/acqLog_SOMhSyn2.txt,mrsic_flogel,organgrinder,12,2023/12/10 09:00:24,0,true unknown,442.0,same log
MERGED_LOGS/sjones/data/francesca/brainsaw/FG_SNL_photo30/acqLog_FG_SNL_photo30.txt,sjones,neurovision,90,2021/02/17 14:14:37,0,natural completion,2159.0,same log
MERGED_LOGS/mrsic_flogel/public/projects/BeJG_20230130_VisDetect/wPhotometry/Injection_validation/BG_016/acqLog_BG_016.txt,mrsic_flogel,neurovision,12,2024/06/20 17:07:19,0,true unknown,1475.0,same log
MERGED_LOGS/mrsic_flogel/public/projects/BeJG_20230130_VisDetect/wPhotometry/Injection_validation/BG_018/acqLog_BG_018.txt,mrsic_flogel,neurovision,12,2024/06/20 17:07:19,0,true unknown,1475.0,same log
MERGED_LOGS/mrsic_flogel/public/projects/BeJG_20230130_VisDetect/wPhotometry/Injection_validation/BG_019/acqLog_BG_019.txt,mrsic_flogel,neurovision,12,2024/06/20 17:07:19,0,true unknown,1475.0,same log
MERGED_LOGS/mrsic_flogel/public/projects/BeJG_20230130_VisDetect/wPhotometry/Injection_validation/BG_020/acqLog_BG_020.txt,mrsic_flogel,neurovision,12,2024/06/20 17:07:19,0,true unknown,1475.0,same log
MERGED_LOGS/sjones/users/hernando/Microscopy_data/MouseLinesCharacterization/HMV_719881/acqLog_HMV_719881.txt,sjones,brainsaw,77,2019/03/12 18:15:46,2,manual abort,43.0,same log
MERGED_LOGS/mrsic_flogel/public/projects/RoCa_20230401_INSIHGT/BrainSaw/human/RC__HS_Crtx_DAPI_488_594_647/acqLog_RC__HS_Crtx_DAPI_488_594_647.txt,mrsic_flogel,organgrinder,20,2023/05/04 11:46:19,2,manual abort,182.0,same log
MERGED_LOGS/mrsic_flogel/public/projects/RoCa_20230401_INSIHGT/BrainSaw/human/RC__HS_Crtx_DAPI_488_594_647/acqLog_RC__HS_Crtx_DAPI_488_594_647.txt,mrsic_flogel,organgrinder,30,2023/05/04 11:51:33,0,true unknown,314.0,same log
MERGED_LOGS/mrsic_flogel/public/projects/SaMe_2020_Pro_Cx_vLGN/Anatomy_fromwinstor/Viral_Injections_Data/Anterograde_Tracing/V1/1117930/acqLog_sample_1117930.txt,mrsic_flogel,brainsaw,10,2020/12/13 13:37:19,0,true unknown,1191.0,same log
MERGED_LOGS/mrsic_flogel/public/projects/SaMe_2020_Pro_Cx_vLGN/Anatomy_fromwinstor/Viral_Injections_Data/Anterograde_Tracing/RSC/1117931/acqLog_sample_1117931.txt,mrsic_flogel,brainsaw,10,2020/12/13 13:37:19,0,true unknown,1191.0,same log
MERGED_LOGS/mrsic_flogel/public/projects/SaMe_2020_Pro_Cx_vLGN/Anatomy_fromwinstor/Viral_Injections_Data/Anterograde_Tracing/POR/1117932/acqLog_sample_1117932.txt,mrsic_flogel,brainsaw,10,2020/12/13 13:37:19,0,true unknown,1191.0,same log
MERGED_LOGS/isogai/brainsaw/risa_1086595/acqLog_risa_1086595.txt,isogai,organgrinder,32,2023/05/16 20:29:05,4,planned stop,1332.0,same log
MERGED_LOGS/mrsic_flogel/public/projects/AlFr_20180601_vLGN/Anatomy/Anterograde/AAV_vLGN/PV/PV_SecoundRound_Andre/acqLog_AMS_EYFP_PV_vlgn.txt,mrsic_flogel,brainsaw,12,2019/04/25 13:22:28,0,true unknown,144.0,same log
MERGED_LOGS/mrsic_flogel/public/projects/AlFr_20180601_vLGN/Anatomy/Anterograde/AAV_vLGN/PV/PV_SecoundRound_Andre/ROI_1/acqLog_ROI_1.txt,mrsic_flogel,brainsaw,12,2019/04/25 13:22:28,0,true unknown,144.0,same log
MERGED_LOGS/mrsic_flogel/public/projects/AlFr_20180601_vLGN/Anatomy/Anterograde/AAV_vLGN/PV/PV_SecoundRound_Andre/ROI_2/acqLog_ROI_2.txt,mrsic_flogel,brainsaw,12,2019/04/25 13:22:28,0,true unknown,144.0,same log
MERGED_LOGS/mrsic_flogel/public/projects/AnKh_20200820_NPX_DMDM/Temporal expectation data/1117910/Histology/AK_1117910/acqLog_AK_1117910.txt,mrsic_flogel,neurovision,704,2021/03/21 12:55:54,0,true unknown,1616.0,same log
MERGED_LOGS/mrsic_flogel/public/projects/AnKh_20200820_NPX_DMDM/Temporal expectation data/1117910/Histology/AK_1117910/acqLog_AK_1117910.txt,mrsic_flogel,neurovision,713,2021/03/22 15:07:45,0,true unknown,94310.0,same log
MERGED_LOGS/mrsic_flogel/public/projects/MiLo_20201201_DMDM_Circuit/brainsaw/ML_1118270_optobeh2/acqLog_ML_1118270_optobeh2.txt,mrsic_flogel,neurovision,704,2021/03/21 12:55:54,0,true unknown,1616.0,same log
MERGED_LOGS/mrsic_flogel/public/projects/MiLo_20201201_DMDM_Circuit/brainsaw/ML_1118270_optobeh2/acqLog_ML_1118270_optobeh2.txt,mrsic_flogel,neurovision,713,2021/03/22 15:07:45,0,true unknown,94310.0,same log
MERGED_LOGS/akrami/_projects/capsid_testing/rawdata/sub-065_id-CAP65/ses-01_date-20240731_dtype-2pe/2pe/acqLog_VP_CAP65.txt,akrami,organgrinder,762,2024/05/31 13:40:26,0,true unknown,501.0,same log
MERGED_LOGS/akrami/_projects/capsid_testing/rawdata/sub-065_id-CAP65/ses-01_date-20240731_dtype-2pe/2pe/acqLog_VP_CAP65.txt,akrami,organgrinder,774,2024/05/31 13:50:45,0,natural completion,463.0,same log
MERGED_LOGS/akrami/_projects/capsid_testing/rawdata/sub-065_id-CAP65/ses-01_date-20240731_dtype-2pe/2pe/acqLog_VP_CAP65.txt,akrami,organgrinder,789,2024/05/31 14:00:12,1,planned stop,428.0,same log
MERGED_LOGS/murray/Zane/Anatomy/BrainSaw/ZM_FAA1034508/ROI_C1/acqLog_ROI_C1.txt,murray,brainsaw,494,2021/10/18 12:58:37,0,true unknown,1229.0,same log
MERGED_LOGS/murray/Zane/Anatomy/BrainSaw/ZM_FAA1034508/ROI_C2/acqLog_ROI_C2.txt,murray,brainsaw,494,2021/10/18 12:58:37,0,true unknown,1229.0,same log
MERGED_LOGS/murray/Zane/Anatomy/BrainSaw/ZM_FAA1034508/ROI_L1/acqLog_ROI_L1.txt,murray,brainsaw,494,2021/10/18 12:58:37,0,true unknown,1229.0,same log
MERGED_LOGS/murray/Zane/Anatomy/BrainSaw/ZM_FAA1034508/ROI_L2_posterior/acqLog_ROI_L2_posterior.txt,murray,brainsaw,494,2021/10/18 12:58:37,0,true unknown,1229.0,same log
MERGED_LOGS/murray/Zane/Anatomy/BrainSaw/ZM_FAA1034508/ROI_T1_posterior/acqLog_ROI_T1_posterior.txt,murray,brainsaw,494,2021/10/18 12:58:37,0,true unknown,1229.0,same log
MERGED_LOGS/murray/Zane/Anatomy/BrainSaw/ZM_FAA1034508/ROI_T2/acqLog_ROI_T2.txt,murray,brainsaw,494,2021/10/18 12:58:37,0,true unknown,1229.0,same log
MERGED_LOGS/sjones/data/francesca/brainsaw/FG_SNL_photo21/acqLog_FG_SNLphoto21.txt,sjones,brainsaw,20,2020/10/16 10:37:45,2,manual abort,195.0,same log
MERGED_LOGS/sjones/projects/gpe/gpe_hcr/from_acquisition/serial_section/HL_GPeRB_R_A283/acqLog_HL_GPeRB_R_f_3329.txt,sjones,brainsaw,514,2026/03/24 19:27:07,0,true unknown,400.0,same log
MERGED_LOGS/mrsic_flogel/public/projects/AnAl_20240405_Neuromod_PE/brainsaw/PE_mapping/Shank3_PE/mouse7/aquisition_logs/acqLog_AMA_ASD_cfos_624_8825.txt,mrsic_flogel,neurovision,16,2025/08/08 18:40:57,1,planned stop,505.0,same log
MERGED_LOGS/mrsic_flogel/public/projects/AlFr_20180601_vLGN/UncroppedBrains/ForMaxime/AF_FL05/acqLog_AF_FL05.txt,mrsic_flogel,brainsaw,12,2019/10/29 15:20:13,0,true unknown,99.0,same log
MERGED_LOGS/okeefe/Cristina/Brainsaw/Amygdala_8/acqLog_Rat_13_14.txt,okeefe,brainsaw,,2019/11/16 16:40:49,0,true unknown,350.0,new directory
MERGED_LOGS/margrie/slenzi/serial2p/whole_brains/raw/SL_1100816/acqLog_SL_1100816.txt,margrie,brainsaw,,2024/06/28 14:24:53,1,manual abort,222.0,new directory
MERGED_LOGS/okeefe/Cristina/Brainsaw/Mouse/CM_1125700_1125701/acqLog_CM_1125700_1125701.txt,okeefe,brainsaw,,2026/02/12 16:56:45,1,planned stop,483.0,new directory
MERGED_LOGS/mrsic_flogel/public/projects/SjWe_20230307_IBLAnatomy/histology/00-SWC/PROJECTS/SWC04/fix-ms-cns/fix-ms-cns~001/000_data/ss2p/2p-depth/1131928_d/acqLog_1131928.txt,mrsic_flogel,neurovision,,2023/08/03 18:53:19,1,planned stop,629.0,new directory
MERGED_LOGS/mrsic_flogel/public/projects/SjWe_20230307_IBLAnatomy/histology/00-SWC/PROJECTS/SWC04/fix-ms-cns/fix-ms-cns~001/000_data/ss2p/2p-depth/1131929_d/acqLog_1131929_d.txt,mrsic_flogel,neurovision,,2023/08/04 18:28:01,1,planned stop,558.0,new directory
MERGED_LOGS/isogai/brainsaw/Suzy/SB_TRAP029_030_031_230904/firstrun/acqLog_SB_TRAP029_030_031_230904.txt,isogai,neurovision,,2023/09/04 17:56:37,0,true unknown,715.0,new directory
MERGED_LOGS/mrsic_flogel/public/projects/RoCa_20230401_INSIHGT/BrainSaw/RC_DAPI_GABA_488_Neun_594_cFos_SeTau647_01/acqLog_RC_DAPI_GABA_488_Neun_594_cFos_SeTau647_01.txt,mrsic_flogel,organgrinder,,2023/03/28 11:44:31,2,manual abort,651.0,new directory
MERGED_LOGS/sjones/projects/gpe/gpe_hcr/from_acquisition/serial_section/HL_GPeRB_LR_m/acqLog_HL_GPeRB_LR_m.txt,sjones,organgrinder,,2026/03/25 16:38:43,1,natural completion,220.0,new directory
