acq_key,start,system,res,n_brains,tiles_per_section,ratio_to_single_median,sample_dirs
brainsaw|2020/01/06 10:55:50,2020/01/06 10:55:50,brainsaw,4x4x20,1,129.0,2.24,ME_BOiiii
brainsaw|2020/01/07 16:37:55,2020/01/07 16:37:55,brainsaw,4x4x20,1,129.0,2.24,ME_BRv
brainsaw|2020/02/14 13:59:23,2020/02/14 13:59:23,brainsaw,2x2x5,1,129.0,2.25,SL_957079
brainsaw|2020/03/02 10:23:59,2020/03/02 10:23:59,brainsaw,4x4x20,1,181.0,3.14,C2VGmSC3
brainsaw|2020/03/19 11:08:17,2020/03/19 11:08:17,brainsaw,2x2x5,1,246.0,4.28,CC_146_0
brainsaw|2020/06/09 17:49:12,2020/06/09 17:49:12,brainsaw,2x2x5,1,95.0,1.65,LS_ctrl01
brainsaw|2020/06/11 12:48:00,2020/06/11 12:48:00,brainsaw,2x2x5,1,116.0,2.02,LS_F14TM01
brainsaw|2020/06/19 11:39:40,2020/06/19 11:39:40,brainsaw,2x2x5,1,116.0,2.02,LS_F14TM02
brainsaw|2020/06/20 16:40:49,2020/06/20 16:40:49,brainsaw,2x2x5,1,103.0,1.79,MS_FN_1111806
brainsaw|2020/06/23 12:41:16,2020/06/23 12:41:16,brainsaw,2x2x5,1,108.0,1.88,LS_F14TM03
brainsaw|2020/06/24 10:26:00,2020/06/24 10:26:00,brainsaw,2x2x5,1,108.0,1.88,LS_A2A06
brainsaw|2020/06/25 10:01:28,2020/06/25 10:01:28,brainsaw,2x2x5,1,108.0,1.88,LS_A2A04
brainsaw|2020/06/30 10:07:12,2020/06/30 10:07:12,brainsaw,2x2x5,1,117.0,2.04,LS_A2A07
brainsaw|2020/07/13 14:25:39,2020/07/13 14:25:39,brainsaw,4x4x20,1,361.4,6.26,CAA_1110262
brainsaw|2020/07/14 17:34:50,2020/07/14 17:34:50,brainsaw,2x2x5,1,207.0,3.6,1100840
brainsaw|2020/08/03 12:32:29,2020/08/03 12:32:29,brainsaw,4x4x20,1,365.0,6.33,CAA_111221
brainsaw|2020/09/16 10:47:51,2020/09/16 10:47:51,brainsaw,4x4x20,1,103.7,1.8,FG_SNLphoto24
brainsaw|2020/09/23 10:59:08,2020/09/23 10:59:08,brainsaw,4x4x20,1,93.8,1.63,FG_SNLphoto23
brainsaw|2020/09/24 18:47:01,2020/09/24 18:47:01,brainsaw,2x2x5,1,271.9,4.73,1095774_1111674_1111678_1112061
brainsaw|2020/09/29 11:09:59,2020/09/29 11:09:59,brainsaw,2x2x5,1,99.0,1.72,1097708_rabies_yulin
brainsaw|2020/11/27 11:22:45,2020/11/27 11:22:45,brainsaw,4x4x20,1,105.8,1.83,ML_IAA1116244_2L
brainsaw|2021/03/23 11:16:35,2021/03/23 11:16:35,brainsaw,4x4x20,1,92.5,1.6,s038_anatomygpebranching_m1112786__20210323_000000__serial_section
brainsaw|2021/03/30 10:52:31,2021/03/30 10:52:31,brainsaw,4x4x20,1,95.0,1.65,NV_IAA1119246_30032021
brainsaw|2021/04/01 11:29:18,2021/04/01 11:29:18,brainsaw,2x2x5,1,99.0,1.72,YI_1098869
brainsaw|2021/04/18 15:40:22,2021/04/18 15:40:22,brainsaw,2x2x5,1,99.0,1.72,YI_1099040
brainsaw|2021/04/19 14:23:11,2021/04/19 14:23:11,brainsaw,4x4x20,1,98.5,1.71,SM_1119751
neurovision|2021/06/26 15:12:04,2021/06/26 15:12:04,neurovision,2x2x5,1,142.7,2.48,LBR_20210626_intersect_off_stn
brainsaw|2021/07/21 15:57:53,2021/07/21 15:57:53,brainsaw,2x2x5,1,99.0,1.72,YI_1099321
brainsaw|2021/09/30 11:21:49,2021/09/30 11:21:49,brainsaw,2x2x5,1,108.0,1.88,YI_1099784
brainsaw|2022/04/27 11:18:17,2022/04/27 11:18:17,brainsaw,2x2x5,1,95.7,1.67,SW_6878
neurovision|2023/06/02 09:42:58,2023/06/02 09:42:58,neurovision,2x2x5,1,106.5,1.85,s096_anatomygpegpirabiesoff_m1119078_R__20230602_094259__serial_section
brainsaw|2023/09/15 23:53:36,2023/09/15 23:53:36,brainsaw,2x2x5,1,143.2,2.49,YW_1103677
brainsaw|2023/12/23 15:02:03,2023/12/23 15:02:03,brainsaw,4x4x20,1,129.4,2.24,EC69
brainsaw|2023/12/24 15:46:26,2023/12/24 15:46:26,brainsaw,4x4x20,1,123.2,2.14,EC74
brainsaw|2024/04/18 11:06:40,2024/04/18 11:06:40,brainsaw,4x4x20,1,128.9,2.23,JO_46
brainsaw|2024/04/19 11:52:20,2024/04/19 11:52:20,brainsaw,4x4x20,1,123.1,2.13,JO_47
brainsaw|2024/09/16 10:56:09,2024/09/16 10:56:09,brainsaw,4x4x20,1,123.9,2.15,JO_HC04
brainsaw|2025/06/05 17:24:59,2025/06/05 17:24:59,brainsaw,4x4x20,1,168.8,2.93,ROI_2
neurovision|2025/07/10 11:58:59,2025/07/10 11:58:59,neurovision,4x4x20,1,107.3,1.86,HD-032
brainsaw|2026/04/20 13:37:53,2026/04/20 13:37:53,brainsaw,2x2x5,1,93.6,1.63,CP10m
