discarded_unsplit_recipe,kept_recipes_same_acquisition
MERGED_LOGS/branco/rig_headfixed_opto/histology/revisions/YI_1098866__1098867/recipe_YI_1098866__1098867_210329_121213.yml,MERGED_LOGS/branco/rig_headfixed_opto/histology/revisions/YI_1098866__1098867/1098866/recipe_sample_1098866_210329_121213.yml | MERGED_LOGS/branco/rig_headfixed_opto/histology/revisions/YI_1098866__1098867/1098867/recipe_sample_1098867_210329_121213.yml
MERGED_LOGS/margrie/SimonWeiler/RawData/Tracing_Imaging/serial2p/SW_FG12_3_FG12_2/recipe_SW_FG12_3_FG_12_2_191209_120354.yml,MERGED_LOGS/margrie/SimonWeiler/RawData/Tracing_Imaging/serial2p/SW_FG12_3_FG12_2/FG12_2/recipe_FG12_2_191209_120354.yml | MERGED_LOGS/margrie/SimonWeiler/RawData/Tracing_Imaging/serial2p/SW_FG12_3_FG12_2/FG12_3/recipe_FG12_3_191209_120354.yml
MERGED_LOGS/mrsic_flogel/public/projects/AlFr_20180601_vLGN/Anatomy/Anterograde/AAV_LP/AF_LP_vGAT/recipe_AF_LP_vGAT_190829_222945.yml,MERGED_LOGS/mrsic_flogel/public/projects/AlFr_20180601_vLGN/Anatomy/Anterograde/AAV_LP/AF_LP_vGAT/ROI_1/recipe_ROI_1_190829_222945.yml | MERGED_LOGS/mrsic_flogel/public/projects/AlFr_20180601_vLGN/Anatomy/Anterograde/AAV_LP/AF_LP_vGAT/ROI_2/recipe_ROI_2_190829_222945.yml
MERGED_LOGS/mrsic_flogel/public/projects/AlFr_20180601_vLGN/Anatomy/Anterograde/AAV_vLGN/CR/CR_BetterRound_Andre/recipe_AMS_AF_CRantero_190826_105219.yml,MERGED_LOGS/mrsic_flogel/public/projects/AlFr_20180601_vLGN/Anatomy/Anterograde/AAV_vLGN/CR/CR_BetterRound_Andre/CRteen4/recipe_ROI_1_190826_105219.yml | MERGED_LOGS/mrsic_flogel/public/projects/AlFr_20180601_vLGN/Anatomy/Anterograde/AAV_vLGN/CR/CR_BetterRound_Andre/CRteen5/recipe_ROI_2_190826_105219.yml | MERGED_LOGS/mrsic_flogel/public/projects/AlFr_20180601_vLGN/Anatomy/Anterograde/AAV_vLGN/CR/CR_BetterRound_Andre/CRteen6/recipe_ROI_3_190826_105219.yml
MERGED_LOGS/mrsic_flogel/public/projects/AlFr_20180601_vLGN/Anatomy/Anterograde/AAV_vLGN/CR/CR_FirstRound_Andre/recipe_AMS_EYFP_CR_vlgn_190427_132249.yml,MERGED_LOGS/mrsic_flogel/public/projects/AlFr_20180601_vLGN/Anatomy/Anterograde/AAV_vLGN/CR/CR_FirstRound_Andre/ROI_1/recipe_ROI_1_190427_132249.yml | MERGED_LOGS/mrsic_flogel/public/projects/AlFr_20180601_vLGN/Anatomy/Anterograde/AAV_vLGN/CR/CR_FirstRound_Andre/ROI_2/recipe_ROI_2_190427_132249.yml
MERGED_LOGS/mrsic_flogel/public/projects/AlFr_20180601_vLGN/Anatomy/Anterograde/AAV_vLGN/CR/CR_OKRound_Andre/recipe_AMS_AF_CRteen1_3_mCherry_190720_142338.yml,MERGED_LOGS/mrsic_flogel/public/projects/AlFr_20180601_vLGN/Anatomy/Anterograde/AAV_vLGN/CR/CR_OKRound_Andre/CRteen1/recipe_ROI_1_190720_142338.yml | MERGED_LOGS/mrsic_flogel/public/projects/AlFr_20180601_vLGN/Anatomy/Anterograde/AAV_vLGN/CR/CR_OKRound_Andre/CRteen2/recipe_ROI_2_190720_142338.yml | MERGED_LOGS/mrsic_flogel/public/projects/AlFr_20180601_vLGN/Anatomy/Anterograde/AAV_vLGN/CR/CR_OKRound_Andre/CRteen3/recipe_ROI_3_190720_142338.yml
MERGED_LOGS/mrsic_flogel/public/projects/AlFr_20180601_vLGN/Anatomy/Anterograde/AAV_vLGN/CR/CR_SecoundRound_Andre&Alex/recipe_AMS_AF_CRcre_EYFP_190615_030643.yml,MERGED_LOGS/mrsic_flogel/public/projects/AlFr_20180601_vLGN/Anatomy/Anterograde/AAV_vLGN/CR/CR_SecoundRound_Andre&Alex/CR1/recipe_ROI_1_190615_030643.yml | MERGED_LOGS/mrsic_flogel/public/projects/AlFr_20180601_vLGN/Anatomy/Anterograde/AAV_vLGN/CR/CR_SecoundRound_Andre&Alex/CR2/recipe_ROI_2_190615_030643.yml | MERGED_LOGS/mrsic_flogel/public/projects/AlFr_20180601_vLGN/Anatomy/Anterograde/AAV_vLGN/CR/CR_SecoundRound_Andre&Alex/CR3/recipe_ROI_3_190615_030643.yml | MERGED_LOGS/mrsic_flogel/public/projects/AlFr_20180601_vLGN/Anatomy/Anterograde/AAV_vLGN/CR/CR_SecoundRound_Andre&Alex/CR4/recipe_ROI_4_190615_030643.yml
MERGED_LOGS/mrsic_flogel/public/projects/AlFr_20180601_vLGN/Anatomy/Anterograde/AAV_vLGN/NOS/NOS_GoodRound_Andre_1/recipe_AMS_AF_NOSteen_1_2_190730_154039.yml,MERGED_LOGS/mrsic_flogel/public/projects/AlFr_20180601_vLGN/Anatomy/Anterograde/AAV_vLGN/NOS/NOS_GoodRound_Andre_1/NOSteen1/recipe_ROI_1_190730_154039.yml | MERGED_LOGS/mrsic_flogel/public/projects/AlFr_20180601_vLGN/Anatomy/Anterograde/AAV_vLGN/NOS/NOS_GoodRound_Andre_1/NOSteen2/recipe_ROI_2_190730_154039.yml
MERGED_LOGS/mrsic_flogel/public/projects/AlFr_20180601_vLGN/Anatomy/Anterograde/AAV_vLGN/NOS/NOS_GoodRound_Andre_2/recipe_AMS_AF_NOSteen_3_5_190729_105043.yml,MERGED_LOGS/mrsic_flogel/public/projects/AlFr_20180601_vLGN/Anatomy/Anterograde/AAV_vLGN/NOS/NOS_GoodRound_Andre_2/NOSteen3/recipe_ROI_1_190729_105043.yml | MERGED_LOGS/mrsic_flogel/public/projects/AlFr_20180601_vLGN/Anatomy/Anterograde/AAV_vLGN/NOS/NOS_GoodRound_Andre_2/NOSteen4/recipe_ROI_2_190729_105043.yml | MERGED_LOGS/mrsic_flogel/public/projects/AlFr_20180601_vLGN/Anatomy/Anterograde/AAV_vLGN/NOS/NOS_GoodRound_Andre_2/NOSteen5/recipe_ROI_3_190729_105043.yml
MERGED_LOGS/mrsic_flogel/public/projects/AlFr_20180601_vLGN/Anatomy/Anterograde/AAV_vLGN/NOS/NOS_SecoundRound_AndreAndAlex/recipe_AMS_AF_NOScre_EYFP_190615_195355.yml,MERGED_LOGS/mrsic_flogel/public/projects/AlFr_20180601_vLGN/Anatomy/Anterograde/AAV_vLGN/NOS/NOS_SecoundRound_AndreAndAlex/NOS3/recipe_ROI_1_190615_195355.yml | MERGED_LOGS/mrsic_flogel/public/projects/AlFr_20180601_vLGN/Anatomy/Anterograde/AAV_vLGN/NOS/NOS_SecoundRound_AndreAndAlex/NOS4/recipe_ROI_2_190615_195355.yml
MERGED_LOGS/mrsic_flogel/public/projects/AlFr_20180601_vLGN/Anatomy/Anterograde/AAV_vLGN/PV/PV_SecoundRound_Andre/recipe_AMS_EYFP_PV_vlgn_190425_132008.yml,MERGED_LOGS/mrsic_flogel/public/projects/AlFr_20180601_vLGN/Anatomy/Anterograde/AAV_vLGN/PV/PV_SecoundRound_Andre/ROI_1/recipe_ROI_1_190425_132008.yml | MERGED_LOGS/mrsic_flogel/public/projects/AlFr_20180601_vLGN/Anatomy/Anterograde/AAV_vLGN/PV/PV_SecoundRound_Andre/ROI_2/recipe_ROI_2_190425_132008.yml
MERGED_LOGS/mrsic_flogel/public/projects/AlFr_20180601_vLGN/Anatomy/Anterograde/AAV_vLGN/SST/SST_GoodRound_AndreAndAlex/recipe_AMS_AF_SSTcre_EYFP_190612_110815.yml,MERGED_LOGS/mrsic_flogel/public/projects/AlFr_20180601_vLGN/Anatomy/Anterograde/AAV_vLGN/SST/SST_GoodRound_AndreAndAlex/SST1/recipe_ROI_1_190612_110815.yml | MERGED_LOGS/mrsic_flogel/public/projects/AlFr_20180601_vLGN/Anatomy/Anterograde/AAV_vLGN/SST/SST_GoodRound_AndreAndAlex/SST2/recipe_ROI_2_190612_110815.yml | MERGED_LOGS/mrsic_flogel/public/projects/AlFr_20180601_vLGN/Anatomy/Anterograde/AAV_vLGN/SST/SST_GoodRound_AndreAndAlex/SST3/recipe_ROI_3_190612_110815.yml | MERGED_LOGS/mrsic_flogel/public/projects/AlFr_20180601_vLGN/Anatomy/Anterograde/AAV_vLGN/SST/SST_GoodRound_AndreAndAlex/SST4/recipe_ROI_4_190612_110815.yml
MERGED_LOGS/mrsic_flogel/public/projects/AlFr_20180601_vLGN/Anatomy/Anterograde/AAV_vLGN/SST/SST_SecondRound_AndreAndAlex/recipe_AMS_SST_vlgn_190506_115215.yml,MERGED_LOGS/mrsic_flogel/public/projects/AlFr_20180601_vLGN/Anatomy/Anterograde/AAV_vLGN/SST/SST_SecondRound_AndreAndAlex/ROI_1/recipe_ROI_1_190506_115215.yml | MERGED_LOGS/mrsic_flogel/public/projects/AlFr_20180601_vLGN/Anatomy/Anterograde/AAV_vLGN/SST/SST_SecondRound_AndreAndAlex/ROI_2/recipe_ROI_2_190506_115215.yml
MERGED_LOGS/mrsic_flogel/public/projects/AlFr_20180601_vLGN/Anatomy/Anterograde/AAV_vLGN/mDLX/recipe_AF_twoDLX_190326_211827.yml,MERGED_LOGS/mrsic_flogel/public/projects/AlFr_20180601_vLGN/Anatomy/Anterograde/AAV_vLGN/mDLX/mDLX_FirstRound_Alex/recipe_ROI_2_190326_211827.yml | MERGED_LOGS/mrsic_flogel/public/projects/AlFr_20180601_vLGN/Anatomy/Anterograde/AAV_vLGN/mDLX/mDLX_FirstRound_Andre/recipe_ROI_1_190326_211827.yml
MERGED_LOGS/mrsic_flogel/public/projects/AlFr_20180601_vLGN/Anatomy/Anterograde/AAV_vLGN/vGAT/vGAT_EYFP/recipe_AMS_AF_vGAT_EYFP_190724_145519.yml,MERGED_LOGS/mrsic_flogel/public/projects/AlFr_20180601_vLGN/Anatomy/Anterograde/AAV_vLGN/vGAT/vGAT_EYFP/VGAT_EYFP/recipe_ROI_3_190724_145519.yml | MERGED_LOGS/mrsic_flogel/public/projects/AlFr_20180601_vLGN/Anatomy/Anterograde/AAV_vLGN/vGAT/vGAT_EYFP/vGAT_TDT_EYFP/recipe_ROI_1_190724_145519.yml | MERGED_LOGS/mrsic_flogel/public/projects/AlFr_20180601_vLGN/FibrePhotometry/Histology/Axons/FirstAttempts/FPVa3/recipe_ROI_2_190724_145519.yml
MERGED_LOGS/mrsic_flogel/public/projects/AlFr_20180601_vLGN/Anatomy/Retrograde/CAV2_vLGN_LP/CAV3_CAV4/recipe_AMS_AF_CAV3_CAV4_190717_173455.yml,MERGED_LOGS/mrsic_flogel/public/projects/AlFr_20180601_vLGN/Anatomy/Retrograde/CAV2_vLGN_LP/CAV3_CAV4/CAV3/recipe_ROI_1_190717_173455.yml | MERGED_LOGS/mrsic_flogel/public/projects/AlFr_20180601_vLGN/Anatomy/Retrograde/CAV2_vLGN_LP/CAV3_CAV4/CAV4/recipe_ROI_2_190717_173455.yml
MERGED_LOGS/mrsic_flogel/public/projects/AlFr_20180601_vLGN/Anatomy/Retrograde/Rabies_vLGN/PV/PV4_5_rab/recipe_AMS_AF_PVrabies_1_190810_020135.yml,MERGED_LOGS/margrie/atyson/cellfinder/data/PV4_rab/recipe_ROI_1_190810_020135.yml | MERGED_LOGS/mrsic_flogel/public/projects/AlFr_20180601_vLGN/Anatomy/Retrograde/Rabies_vLGN/PV/PV4_5_rab/PV5_rab/recipe_ROI_2_190810_020135.yml
MERGED_LOGS/mrsic_flogel/public/projects/AlFr_20180601_vLGN/Anatomy/Retrograde/Retrograde_SC/retroAAV_SC_BFP_vLGN/recipe_AF_retroAAV_191022_113150.yml,MERGED_LOGS/mrsic_flogel/public/projects/AlFr_20180601_vLGN/Anatomy/Retrograde/Retrograde_SC/retroAAV_SC_BFP_vLGN/retroAAV1/recipe_ROI_1_191022_113150.yml | MERGED_LOGS/mrsic_flogel/public/projects/AlFr_20180601_vLGN/Anatomy/Retrograde/Retrograde_SC/retroAAV_SC_BFP_vLGN/retroAAV2/recipe_ROI_2_191022_113150.yml
MERGED_LOGS/mrsic_flogel/public/projects/AlFr_20180601_vLGN/Anatomy/Retrograde/Retrograde_SC/retroAAV_SC_mcherry_vLGN/recipe_AF_NV_retroAAV_200601_132039.yml,MERGED_LOGS/mrsic_flogel/public/projects/AlFr_20180601_vLGN/Anatomy/Retrograde/Retrograde_SC/retroAAV_SC_mcherry_vLGN/retroAAV1/recipe_ROI_1_200601_132039.yml | MERGED_LOGS/mrsic_flogel/public/projects/AlFr_20180601_vLGN/Anatomy/Retrograde/Retrograde_SC/retroAAV_SC_mcherry_vLGN/retroAAV2/recipe_ROI_2_200601_132039.yml | MERGED_LOGS/mrsic_flogel/public/projects/AlFr_20180601_vLGN/Anatomy/Retrograde/Retrograde_SC/retroAAV_SC_mcherry_vLGN/retroAAV3/recipe_ROI_3_200601_132039.yml | MERGED_LOGS/mrsic_flogel/public/projects/AlFr_20180601_vLGN/Anatomy/Retrograde/Retrograde_SC/retroAAV_SC_mcherry_vLGN/retroAAV4/recipe_ROI_4_200601_132039.yml
MERGED_LOGS/mrsic_flogel/public/projects/AlFr_20180601_vLGN/Ephys/ElectrodePosition/NXR15_NXR16/recipe_AF_NXR15_16_190506_224451.yml,MERGED_LOGS/mrsic_flogel/public/projects/AlFr_20180601_vLGN/Ephys/ElectrodePosition/NXR15_NXR16/NXR15/recipe_ROI_1_190506_224451.yml | MERGED_LOGS/mrsic_flogel/public/projects/AlFr_20180601_vLGN/Ephys/ElectrodePosition/NXR15_NXR16/NXR16/recipe_ROI_2_190506_224451.yml
MERGED_LOGS/mrsic_flogel/public/projects/AlFr_20180601_vLGN/UncroppedBrains/AF_GtvGvLG18_20/recipe_AF_GtvGvLG16_20_200727_135430.yml,MERGED_LOGS/mrsic_flogel/public/projects/AlFr_20180601_vLGN/UncroppedBrains/AF_GtvGvLG18_20/ROI_1/recipe_ROI_1_200727_135430.yml | MERGED_LOGS/mrsic_flogel/public/projects/AlFr_20180601_vLGN/UncroppedBrains/AF_GtvGvLG18_20/ROI_2/recipe_ROI_2_200727_135430.yml
MERGED_LOGS/mrsic_flogel/public/projects/AlFr_20180601_vLGN/UncroppedBrains/AF_testblackag/recipe_AF_testblackag_201110_194220.yml,MERGED_LOGS/mrsic_flogel/public/projects/AlFr_20180601_vLGN/UncroppedBrains/AF_testblackag/Bottom/recipe_ROI_2_201110_194220.yml | MERGED_LOGS/mrsic_flogel/public/projects/AlFr_20180601_vLGN/UncroppedBrains/AF_testblackag/Top/recipe_ROI_1_201110_194220.yml
MERGED_LOGS/mrsic_flogel/public/projects/AlFr_20180601_vLGN/UncroppedBrains/ForMaxime/AF_MB_44_47_48/recipe_AF_MB_44_47_48_200724_113349.yml,MERGED_LOGS/mrsic_flogel/public/projects/AlFr_20180601_vLGN/UncroppedBrains/ForMaxime/AF_MB_44_47_48/MB44/recipe_ROI_1_200724_113349.yml | MERGED_LOGS/mrsic_flogel/public/projects/AlFr_20180601_vLGN/UncroppedBrains/ForMaxime/AF_MB_44_47_48/MB47/recipe_ROI_2_200724_113349.yml | MERGED_LOGS/mrsic_flogel/public/projects/AlFr_20180601_vLGN/UncroppedBrains/ForMaxime/AF_MB_44_47_48/MB48/recipe_ROI_3_200724_113349.yml
MERGED_LOGS/mrsic_flogel/public/projects/AlFr_20180601_vLGN/UncroppedBrains/ForMaxime/AF_MB_45_46/recipe_AF_MB_45_46_200730_161614.yml,MERGED_LOGS/mrsic_flogel/public/projects/AlFr_20180601_vLGN/UncroppedBrains/ForMaxime/AF_MB_45_46/MB45/recipe_ROI_1_200730_161614.yml | MERGED_LOGS/mrsic_flogel/public/projects/AlFr_20180601_vLGN/UncroppedBrains/ForMaxime/AF_MB_45_46/MB46/recipe_ROI_2_200730_161614.yml
MERGED_LOGS/mrsic_flogel/public/projects/AlFr_20180601_vLGN/UncroppedBrains/ForMaxime/AF_PCA_19_20_22_25_full/recipe_AF_PCA_19_20_22_25_191028_173307.yml,MERGED_LOGS/mrsic_flogel/public/projects/AlFr_20180601_vLGN/UncroppedBrains/ForMaxime/AF_PCA_19_20_22_25_full/PCA19/recipe_ROI_1_191028_173307.yml | MERGED_LOGS/mrsic_flogel/public/projects/AlFr_20180601_vLGN/UncroppedBrains/ForMaxime/AF_PCA_19_20_22_25_full/PCA20/recipe_ROI_2_191028_173307.yml | MERGED_LOGS/mrsic_flogel/public/projects/AlFr_20180601_vLGN/UncroppedBrains/ForMaxime/AF_PCA_19_20_22_25_full/PCA22/recipe_ROI_3_191028_173307.yml | MERGED_LOGS/mrsic_flogel/public/projects/AlFr_20180601_vLGN/UncroppedBrains/ForMaxime/AF_PCA_19_20_22_25_full/PCA25/recipe_ROI_4_191028_173307.yml
MERGED_LOGS/mrsic_flogel/public/projects/AlFr_20180601_vLGN/UncroppedBrains/NV_C2vLGN3_freeze_GCaMP1/recipe_SL_FI1_2_FI1_3_FI1_4_1057614_200316_194105.yml,MERGED_LOGS/mrsic_flogel/public/projects/AlFr_20180601_vLGN/UncroppedBrains/NV_C2vLGN3_freeze_GCaMP1/Bottom/recipe_ROI_3_200316_194105.yml | MERGED_LOGS/mrsic_flogel/public/projects/AlFr_20180601_vLGN/UncroppedBrains/NV_C2vLGN3_freeze_GCaMP1/Left/recipe_ROI_1_200316_194105.yml | MERGED_LOGS/mrsic_flogel/public/projects/AlFr_20180601_vLGN/UncroppedBrains/NV_C2vLGN3_freeze_GCaMP1/Right/recipe_ROI_2_200316_194105.yml
MERGED_LOGS/mrsic_flogel/public/projects/AnBl_20180101_LPCortexSFTF/AMo_LPInhibitionEphysCtx/brainsaw/AMo_19/recipe_AMo_19_170712.yml,MERGED_LOGS/mrsic_flogel/public/projects/AnBl_20180101_LPCortexSFTF/AMo_LPInhibitionEphysCtx/brainsaw/AMo_19/origRecipe/recipe_AMo_19_170712_ORIG_1micPix.yml
MERGED_LOGS/mrsic_flogel/public/projects/AnBl_20180101_LPCortexSFTF/Anatomy/retro_RR/first_rab06_part/AB_rab040506_2/recipe_AB_rab040506_190417_140000.yml,MERGED_LOGS/mrsic_flogel/public/projects/AnBl_20180101_LPCortexSFTF/Anatomy/retro_RR/first_rab06_part/AB_rab040506_2/rab06/recipe_rab06_190417_140000.yml
MERGED_LOGS/mrsic_flogel/public/projects/AnBl_20180101_LPCortexSFTF/MoA_ctxInhibitionImagingLP/MoA_histo/MoA_29/recipe_MoA_29_170718.yml,MERGED_LOGS/mrsic_flogel/public/projects/AnBl_20180101_LPCortexSFTF/MoA_ctxInhibitionImagingLP/MoA_histo/MoA_29/ORIGINAL_RECIPE_AND_RAW_DATA/recipe_MoA_29_170718.yml
MERGED_LOGS/mrsic_flogel/public/projects/MeAh_20210211_Tracing/FiberPosition_VirusExpression/recipe_sample_1117922_1118244_210720_125547.yml,MERGED_LOGS/mrsic_flogel/public/projects/MeAh_20210211_Tracing/FiberPosition_VirusExpression/1117922/recipe_sample_1117922_210720_125547.yml | MERGED_LOGS/mrsic_flogel/public/projects/MeAh_20210211_Tracing/FiberPosition_VirusExpression/1118244/recipe_sample_1118244_210720_125547.yml
MERGED_LOGS/mrsic_flogel/public/projects/RoCa_20190601_SerialSectionDevelopment/FERRET_01/recipe_FERRET_191107_111145.yml,MERGED_LOGS/mrsic_flogel/public/projects/RoCa_20190601_SerialSectionDevelopment/FERRET_01/caudal/recipe_caudal_191107_111145.yml | MERGED_LOGS/mrsic_flogel/public/projects/RoCa_20190601_SerialSectionDevelopment/FERRET_01/rostral/recipe_rostral_191107_111145.yml
MERGED_LOGS/mrsic_flogel/public/projects/ShFu_20180910_Plasticity_with_Dulcie/Data/LP16/brainsaw/SF893794_919188/recipe_sample_190605_132546_190605_141901.yml,MERGED_LOGS/mrsic_flogel/public/projects/ShFu_20180910_Plasticity_with_Dulcie/Data/LP16/brainsaw/SF893794_919188/SF_893794/recipe_SF_893794_190605_141901.yml | MERGED_LOGS/mrsic_flogel/public/projects/ShFu_20180910_Plasticity_with_Dulcie/Data/LP19/brainsaw/SF_919188/recipe_SF_919188_190605_141901.yml
MERGED_LOGS/murray/Simon/2019__Wildtype_Anterograde_Injections_Lateral_Vestibular_Nucleus/2019_WAI_LV_SerialSection/ST_CA488_2/recipe_ST_CA4882_200115_165921.yml,MERGED_LOGS/murray/Simon/2019__Wildtype_Anterograde_Injections_Lateral_Vestibular_Nucleus/2019_WAI_LV_SerialSection/ST_CA488_2/CER/recipe_CER_200115_165921.yml | MERGED_LOGS/murray/Simon/2019__Wildtype_Anterograde_Injections_Lateral_Vestibular_Nucleus/2019_WAI_LV_SerialSection/ST_CA488_2/LUM/recipe_LUM_200115_165921.yml | MERGED_LOGS/murray/Simon/2019__Wildtype_Anterograde_Injections_Lateral_Vestibular_Nucleus/2019_WAI_LV_SerialSection/ST_CA488_2/SACR/recipe_SACR_200115_165921.yml
MERGED_LOGS/murray/Simon/2019__Wildtype_Anterograde_Injections_Lateral_Vestibular_Nucleus/2019_WAI_LV_SerialSection/ST_CA488_3/recipe_ST_C488_3_200121_150628.yml,MERGED_LOGS/murray/Simon/2019__Wildtype_Anterograde_Injections_Lateral_Vestibular_Nucleus/2019_WAI_LV_SerialSection/ST_CA488_3/Bottom/recipe_Bottom_200121_150628.yml | MERGED_LOGS/murray/Simon/2019__Wildtype_Anterograde_Injections_Lateral_Vestibular_Nucleus/2019_WAI_LV_SerialSection/ST_CA488_3/Top/recipe_Top_200121_150628.yml
MERGED_LOGS/murray/Zane/Anatomy/BrainSaw/ZM_FAA1034505/recipe_ZM_FAA1034505_210901_161257.yml,MERGED_LOGS/murray/Zane/Anatomy/BrainSaw/ZM_FAA1034505/ROI_C_ant-T_ant_more_likely/recipe_ROI_C_ant_210901_161257.yml | MERGED_LOGS/murray/Zane/Anatomy/BrainSaw/ZM_FAA1034505/ROI_C_post-C_ant_more_likely/recipe_ROI_C_post_210901_161257.yml | MERGED_LOGS/murray/Zane/Anatomy/BrainSaw/ZM_FAA1034505/ROI_L_ant/recipe_ROI_L_ant_210901_161257.yml | MERGED_LOGS/murray/Zane/Anatomy/BrainSaw/ZM_FAA1034505/ROI_L_post/recipe_ROI_L_post_210901_161257.yml | MERGED_LOGS/murray/Zane/Anatomy/BrainSaw/ZM_FAA1034505/ROI_T_ant-C_post_more_likely/recipe_ROI_T_ant_210901_161257.yml | MERGED_LOGS/murray/Zane/Anatomy/BrainSaw/ZM_FAA1034505/ROI_T_post/recipe_ROI_T_post_210901_161257.yml
MERGED_LOGS/okeefe/Cristina/Brainsaw/CM_482_484_840/recipe_CM_482_484_840_241018_111247.yml,MERGED_LOGS/okeefe/Cristina/Brainsaw/CM_482_484_840/bottomR/recipe_bottomR_241018_111247.yml | MERGED_LOGS/okeefe/Cristina/Brainsaw/CM_482_484_840/topL/recipe_topL_241018_111247.yml | MERGED_LOGS/okeefe/Cristina/Brainsaw/CM_482_484_840/topR/recipe_topR_241018_111247.yml
MERGED_LOGS/okeefe/Cristina/Brainsaw/CM_BLA12_13/recipe_CM_BLA12_13_240313_120503.yml,MERGED_LOGS/okeefe/Cristina/Brainsaw/CM_BLA12_13/BLA12/recipe_BLA12_240313_120503.yml | MERGED_LOGS/okeefe/Cristina/Brainsaw/CM_BLA12_13/BLA13/recipe_BLA13_240313_120503.yml
MERGED_LOGS/okeefe/Cristina/Brainsaw/Mouse/CM_1125700_1125701_2/recipe_CM_1125700_1125701_2_260212_165650.yml,MERGED_LOGS/okeefe/Cristina/Brainsaw/Mouse/CM_1125700_1125701_2/ROI_1/recipe_ROI_1_260212_165650.yml | MERGED_LOGS/okeefe/Cristina/Brainsaw/Mouse/CM_1125700_1125701_2/ROI_2/recipe_ROI_2_260212_165650.yml
MERGED_LOGS/sjones/projects/OSFNT/raw_data/OSFNT_12/2026-05-29T11-45-28/users/lars/projects/+other/gpe_pv_rabies_comparison__sb19_n2c/recipe_LBR_SB19_N2c_190520_174428.yml,MERGED_LOGS/sjones/projects/OSFNT/raw_data/OSFNT_12/2026-05-29T11-45-28/users/lars/projects/+other/gpe_pv_rabies_comparison__sb19_n2c/N2c/recipe_N2c_190520_174428.yml | MERGED_LOGS/sjones/projects/OSFNT/raw_data/OSFNT_12/2026-05-29T11-45-28/users/lars/projects/+other/gpe_pv_rabies_comparison__sb19_n2c/SB19/recipe_SB19_190520_174428.yml
MERGED_LOGS/sjones/projects/thalamus_dls_project/from_acquisition/serial_section/HL_SEQ065_091/recipe_HL_SEQ065_091_250712_121506.yml,MERGED_LOGS/sjones/projects/thalamus_dls_project/from_acquisition/serial_section/HL_SEQ065_091/seq065/recipe_seq065_250712_121506.yml | MERGED_LOGS/sjones/projects/thalamus_dls_project/from_acquisition/serial_section/HL_SEQ065_091/seq091/recipe_seq091_250712_121506.yml
